"N-gram","魏书","魏书翻译","Total"
"派使者前来朝拜纳","0","84","84"
"使者前来朝拜纳贡","0","84","84"
"派遣使者入朝贡奉","0","65","65"
"国派使者前来朝拜","0","37","37"
"国都派使者前来朝","0","25","25"
"国派使者前来朝贡","0","21","21"
"吐谷浑国遣使朝贡","19","0","19"
"国派使臣入朝觐见","0","16","16"
"等国都派使者前来","0","16","16"
"国派遣使者入朝贡","0","16","16"
"等国派使者前来朝","0","15","15"
"都派使者前来朝拜","0","15","15"
"国派使臣入朝进贡","0","14","14"
"都派遣使者入朝贡","0","14","14"
"吐谷浑国遣使朝献","12","0","12"
"高丽国派使臣入朝","0","12","12"
"各派使者前来朝拜","0","12","12"
"萧衍派遣使者入朝","0","12","12"
"衍派遣使者入朝贡","0","12","12"
"国各派使者前来朝","0","11","11"
"任命开府仪同三司","0","11","11"
"国派使者前来朝献","0","11","11"
"国都派遣使者入朝","0","11","11"
"被任命为驸马都尉","0","10","10"
"员外散骑常侍李彪","4","5","9"
"征南大将军慕容白","4","5","9"
"南大将军慕容白曜","4","5","9"
"蠕蠕国派来使者朝","0","9","9"
"蠕国派来使者朝贡","0","9","9"
"高丽国派使者前来","0","9","9"
"丽国派使者前来朝","0","9","9"
"刘义隆派使者前来","0","9","9"
"义隆派使者前来朝","0","9","9"
"隆派使者前来朝拜","0","9","9"
"东益州刺史魏子建","4","4","8"
"吐谷浑国派使者前","0","8","8"
"谷浑国派使者前来","0","8","8"
"浑国派使者前来朝","0","8","8"
"东豫州刺史田益宗","4","3","7"
"齐武帝萧赜派使臣","0","7","7"
"武帝萧赜派使臣入","0","7","7"
"帝萧赜派使臣入朝","0","7","7"
"萧赜派使臣入朝聘","0","7","7"
"赜派使臣入朝聘问","0","7","7"
"蠕蠕国派使者前来","0","7","7"
"国派使者朝拜纳贡","0","7","7"
"南荆州刺史桓叔兴","3","3","6"
"北梁州长史锡休儒","3","3","6"
"征西将军皮豹子等","3","3","6"
"老而无子等生活上","0","6","6"
"追赠他为车骑大将","0","6","6"
"赠他为车骑大将军","0","6","6"
"被任命为通直散骑","0","6","6"
"兼职员外散骑侍郎","0","6","6"
"孝文帝祭拜永固陵","0","6","6"
"九十岁以上的老人","0","6","6"
"都派使者前来朝贡","0","6","6"
"派遣使者入朝献纳","0","6","6"
"南青州刺史大野拔","3","2","5"
"青冀二州刺史张稷","3","2","5"
"上庸太守姜平洛等","2","3","5"
"南青州刺史茹怀朗","3","2","5"
"库莫奚国遣使朝贡","5","0","5"
"库莫奚诸国遣使朝","5","0","5"
"而无子等生活上无","0","5","5"
"追赠他为散骑常侍","0","5","5"
"下诏让员外散骑常","0","5","5"
"诏让员外散骑常侍","0","5","5"
"年轻时有父亲的风","0","5","5"
"司马德宗的将领刘","0","5","5"
"司马德宗派遣使者","0","5","5"
"国各派来使者朝贡","0","5","5"
"吐谷浑国派使臣入","0","5","5"
"谷浑国派使臣入朝","0","5","5"
"国派使臣入朝聘问","0","5","5"
"丽国派使臣入朝觐","0","5","5"
"兼职员外散骑常侍","0","5","5"
"丽国派使臣入朝进","0","5","5"
"八十岁以上的老人","0","5","5"
"七十岁以上的老人","0","5","5"
"生活上无法自立的","0","5","5"
"年纪在百岁以上的","0","5","5"
"都派使者前来朝献","0","5","5"
"昌国派使者前来朝","0","5","5"
"蠕国派使者前来朝","0","5","5"
"年春季正月二十日","0","5","5"
"都督晋建南汾三州","2","2","4"
"督晋建南汾三州诸","2","2","4"
"晋建南汾三州诸军","2","2","4"
"建南汾三州诸军事","2","2","4"
"都督雍华岐三州诸","2","2","4"
"督雍华岐三州诸军","2","2","4"
"雍华岐三州诸军事","2","2","4"
"都督青齐济三州诸","2","2","4"
"督青齐济三州诸军","2","2","4"
"青齐济三州诸军事","2","2","4"
"梁州刺史平阳县开","2","2","4"
"州刺史平阳县开国","2","2","4"
"刺史平阳县开国侯","2","2","4"
"史平阳县开国侯翟","2","2","4"
"平阳县开国侯翟远","2","2","4"
"永昌县开国侯陈虎","2","2","4"
"昌县开国侯陈虎牙","2","2","4"
"诏员外散骑常侍李","4","0","4"
"尚书郎公孙阿六头","2","2","4"
"人破落汗拔陵聚众","2","2","4"
"尚书右仆射狄伯支","2","2","4"
"东南道大行台樊子","2","2","4"
"南道大行台樊子鹄","2","2","4"
"遣治书侍御史李焕","2","2","4"
"徐州刺史司马明素","2","2","4"
"幽州大都督侯渊所","2","2","4"
"加前后部羽葆鼓吹","3","1","4"
"沃野镇人破六韩拔","2","2","4"
"野镇人破六韩拔陵","2","2","4"
"镇人破六韩拔陵反","2","2","4"
"都督秦雍二州诸军","2","2","4"
"督秦雍二州诸军事","2","2","4"
"刘彧徐州刺史薛安","3","1","4"
"彧徐州刺史薛安都","3","1","4"
"开国男赵景悦等十","2","2","4"
"冠军将军蔡灵恩等","2","2","4"
"军将军蔡灵恩等十","2","2","4"
"秦二州行事夏侯道","2","2","4"
"二州行事夏侯道迁","2","2","4"
"扬州刺史薛真度大","2","2","4"
"梁二州刺史鲁方达","2","2","4"
"松滋县开国侯马广","2","2","4"
"宁州刺史任太洪率","2","2","4"
"左游击将军赵祖悦","2","2","4"
"库莫奚国遣使朝献","4","0","4"
"员外散骑常侍邢产","2","2","4"
"莫奚诸国遣使朝献","4","0","4"
"平南将军杨大眼讨","2","2","4"
"北部大人叔孙普洛","2","2","4"
"武兴国世子杨绍先","2","2","4"
"尚书左仆射慕容绍","2","2","4"
"书左仆射慕容绍宗","2","2","4"
"征西大将军长孙道","2","2","4"
"西大将军长孙道生","2","2","4"
"文明太后父燕宣王","3","1","4"
"彭城王中军府长史","2","2","4"
"高祖追录先朝功臣","3","1","4"
"担任给事黄门侍郎","0","4","4"
"齐文襄王前来朝见","0","4","4"
"任命为通直散骑常","0","4","4"
"命为通直散骑常侍","0","4","4"
"萧宝卷的豫州刺史","0","4","4"
"派遣使者前来朝贡","0","4","4"
"被任命为散骑常侍","0","4","4"
"擒获刘义隆的将领","0","4","4"
"马德宗的将领刘裕","0","4","4"
"朝廷赠他为使持节","0","4","4"
"国派遣使者来朝贡","0","4","4"
"吐谷浑国派来使者","0","4","4"
"谷浑国派来使者朝","0","4","4"
"浑国派来使者朝贡","0","4","4"
"吐谷浑两国派使臣","0","4","4"
"谷浑两国派使臣入","0","4","4"
"浑两国派使臣入朝","0","4","4"
"孝文帝驾临灵泉池","0","4","4"
"派兼职员外散骑常","0","4","4"
"无子等生活上无法","0","4","4"
"子等生活上无法自","0","4","4"
"等生活上无法自立","0","4","4"
"活上无法自立的人","0","4","4"
"授予名誉县令官衔","0","4","4"
"用太牢的隆重礼仪","0","4","4"
"将士布帛多少不等","0","4","4"
"罗国派使者前来朝","0","4","4"
"慕容垂派遣使者入","0","4","4"
"容垂派遣使者入朝","0","4","4"
"垂派遣使者入朝贡","0","4","4"
"率领步兵骑兵二万","0","4","4"
"领步兵骑兵二万人","0","4","4"
"分发赏赐多少不等","0","4","4"
"前往黄河以西地区","0","4","4"
"刘派使者前来朝拜","0","4","4"
"高丽国派遣使者入","0","4","4"
"丽国派遣使者入朝","0","4","4"
"蠕蠕国都派遣使者","0","4","4"
"蠕国都派遣使者入","0","4","4"
"赫连昌的弟弟赫连","0","4","4"
"连昌的弟弟赫连定","0","4","4"
"参与军队国家大事","0","4","4"
"与军队国家大事的","0","4","4"
"军队国家大事的谋","0","4","4"
"因功被赐给爵位为","0","4","4"
"萧宝卷遣太尉陈显","3","0","3"
"宝卷遣太尉陈显达","3","0","3"
"遣长风戍主奇道显","2","1","3"
"长风戍主奇道显攻","2","1","3"
"都督扬徐二道诸军","2","1","3"
"督扬徐二道诸军事","2","1","3"
"徐州刺史元法僧城","3","0","3"
"都督冀定瀛三州诸","2","1","3"
"督冀定瀛三州诸军","2","1","3"
"冀定瀛三州诸军事","2","1","3"
"萧宝卷豫州刺史裴","3","0","3"
"宝卷豫州刺史裴叔","3","0","3"
"卷豫州刺史裴叔业","3","0","3"
"豫州刺史裴叔业寿","3","0","3"
"州刺史裴叔业寿春","3","0","3"
"都督冀沧二州诸军","2","1","3"
"督冀沧二州诸军事","2","1","3"
"丧礼一依安城王叔","3","0","3"
"依安城王叔孙俊故","3","0","3"
"安城王叔孙俊故事","3","0","3"
"刘义隆遣将裴方明","3","0","3"
"李元德东郡太守申","3","0","3"
"元德东郡太守申谟","3","0","3"
"义符青州刺史竺夔","2","1","3"
"军资杂财十余万计","2","1","3"
"扬州小岘戍主党法","2","1","3"
"州小岘戍主党法宗","2","1","3"
"辅国将军范始男送","2","1","3"
"州刺史薛真度大破","2","1","3"
"统军毕祖朽攻克蒙","1","2","3"
"军毕祖朽攻克蒙山","1","2","3"
"冀二州刺史张稷首","3","0","3"
"衍宁州刺史任太洪","2","1","3"
"衍豫州刺史赵祖悦","2","1","3"
"衍遣北梁州长史锡","3","0","3"
"遣北梁州长史锡休","3","0","3"
"人破六韩拔陵反叛","1","2","3"
"都督河北畿外诸军","2","1","3"
"督河北畿外诸军事","2","1","3"
"都督定殷二州诸军","2","1","3"
"督定殷二州诸军事","2","1","3"
"都督雍秦二州诸军","2","1","3"
"督雍秦二州诸军事","2","1","3"
"诏假员外散骑常侍","3","0","3"
"员外散骑常侍许赤","2","1","3"
"外散骑常侍许赤虎","2","1","3"
"员外郎兰英使萧赜","3","0","3"
"宕昌诸国遣使朝献","3","0","3"
"益州刺史魏子建遣","3","0","3"
"州刺史魏子建遣将","3","0","3"
"员外散骑常侍游明","2","1","3"
"外散骑常侍游明根","2","1","3"
"分遣使者开仓赈恤","3","0","3"
"徐州刺史永昌县开","1","2","3"
"州刺史永昌县开国","1","2","3"
"刺史永昌县开国侯","1","2","3"
"史永昌县开国侯陈","1","2","3"
"祁阳县开国男赵景","1","2","3"
"阳县开国男赵景悦","1","2","3"
"县开国男赵景悦等","1","2","3"
"高祖谓彭城王勰曰","3","0","3"
"彧青州刺史沈文秀","3","0","3"
"大将军慕容白曜督","1","2","3"
"开府仪同三司库狄","2","1","3"
"司州刺史尹冲坠城","2","1","3"
"都督冀相殷三州诸","2","1","3"
"督冀相殷三州诸军","2","1","3"
"冀相殷三州诸军事","2","1","3"
"都督豫洛二州河内","2","1","3"
"督豫洛二州河内诸","2","1","3"
"豫洛二州河内诸军","2","1","3"
"洛二州河内诸军事","2","1","3"
"明日月辰宿交会相","1","2","3"
"日月辰宿交会相生","1","2","3"
"太祖道武帝拓跋皀","0","3","3"
"便形成为一种制度","0","3","3"
"免征三年的田租赋","0","3","3"
"征三年的田租赋税","0","3","3"
"不久加授散骑常侍","0","3","3"
"他为通直散骑常侍","0","3","3"
"让员外散骑常侍李","0","3","3"
"等国各派使者前来","0","3","3"
"下诏任命齐献武王","0","3","3"
"诏任命齐献武王为","0","3","3"
"派遣兼散骑常侍李","0","3","3"
"上奏疏请求解除职","0","3","3"
"为都督中外诸军事","0","3","3"
"跟随皇帝向南征伐","0","3","3"
"萧衍的徐州刺史昌","0","3","3"
"衍的徐州刺史昌义","0","3","3"
"的徐州刺史昌义之","0","3","3"
"萧衍的宁朔将军张","0","3","3"
"任命为车骑大将军","0","3","3"
"太和二十三年去世","0","3","3"
"任命他为散骑常侍","0","3","3"
"这时萧衍派遣将领","0","3","3"
"萧衍派遣将领侵犯","0","3","3"
"宝卷的豫州刺史裴","0","3","3"
"卷的豫州刺史裴叔","0","3","3"
"的豫州刺史裴叔业","0","3","3"
"派遣将领侵犯边境","0","3","3"
"告诫他的两个儿子","0","3","3"
"兼任通直散骑常侍","0","3","3"
"荆州刺史司马休之","0","3","3"
"逐渐升任散骑常侍","0","3","3"
"轻时有父亲的风范","0","3","3"
"祖听从了他的意见","0","3","3"
"萧衍派遣他的豫章","0","3","3"
"追赠为骠骑大将军","0","3","3"
"文明太后临朝听政","0","3","3"
"姚兴派遣使者前来","0","3","3"
"讨伐吐谷浑慕利延","0","3","3"
"高丽国派来使者朝","0","3","3"
"丽国派来使者朝贡","0","3","3"
"蠕蠕国派使者来朝","0","3","3"
"蠕国派使者来朝贡","0","3","3"
"刘准派来使者朝贡","0","3","3"
"浑国派使臣入朝进","0","3","3"
"宕昌国派使臣入朝","0","3","3"
"十岁以上的老人赐","0","3","3"
"岁以上的老人赐给","0","3","3"
"以上的老人赐给爵","0","3","3"
"上的老人赐给爵位","0","3","3"
"授予名誉县令的官","0","3","3"
"予名誉县令的官衔","0","3","3"
"年纪在八十岁以上","0","3","3"
"纪在百岁以上的老","0","3","3"
"在百岁以上的老人","0","3","3"
"文武等科目的应征","0","3","3"
"武等科目的应征者","0","3","3"
"孝文帝驾临华林园","0","3","3"
"彭城王元勰为司徒","0","3","3"
"南平公长孙嵩等人","0","3","3"
"兴派遣使者前来聘","0","3","3"
"派遣使者前来聘问","0","3","3"
"人讨伐平定了他们","0","3","3"
"安葬在云中的金陵","0","3","3"
"高昌国派使者前来","0","3","3"
"讨伐并平定了他们","0","3","3"
"契丹国派使者前来","0","3","3"
"丹国派使者前来朝","0","3","3"
"派使者前来请求投","0","3","3"
"使者前来请求投降","0","3","3"
"勿吉国派使者前来","0","3","3"
"吉国派使者前来朝","0","3","3"
"益州刺史魏子建派","0","3","3"
"伏罗国派使者前来","0","3","3"
"国各派遣使者入朝","0","3","3"
"国派遣使者入朝献","0","3","3"
"刘骏派遣使者入朝","0","3","3"
"骏派遣使者入朝贡","0","3","3"
"四年春季正月二十","0","3","3"
"罗等国派使者前来","0","3","3"
"元年春季正月初一","0","3","3"
"的徐州刺史薛安都","0","3","3"
"的青州刺史沈文秀","0","3","3"
"诏令内外解除戒严","0","3","3"
"皇帝前往华林都亭","0","3","3"
"命开府仪同三司高","0","3","3"
"派遣兼散骑常侍奎","0","3","3"
"吐谷浑国都派遣使","0","3","3"
"谷浑国都派遣使者","0","3","3"
"浑国都派遣使者入","0","3","3"
"等人率领军队讨伐","0","3","3"
"下诏命员外散骑常","0","3","3"
"诏命员外散骑常侍","0","3","3"
"率领骑步兵二千人","0","3","3"
"下诏命兼散骑常侍","0","3","3"
"世祖巡视黄河以西","0","3","3"
"各国各派使者前来","0","3","3"
"朝廷拜授他为中书","0","3","3"
"兼任员外散骑常侍","0","3","3"
"拜授他为中书博士","0","3","3"
"队国家大事的谋划","0","3","3"
"攻打蠕蠕的别部头","0","3","3"
"打蠕蠕的别部头领","0","3","3"
"在参合陂打败慕容","0","3","3"
"被任命为龙骧将军","0","3","3"
"太祖听从他的建议","0","3","3"
"被任命为冠军将军","0","3","3"
"回头对侍奉的臣属","0","3","3"
"头对侍奉的臣属说","0","3","3"
"阳椒房生汝阴灵王","1","1","2"
"椒房生汝阴灵王天","1","1","2"
"孟椒房生任城康王","1","1","2"
"孟椒房生安定靖王","1","1","2"
"龙骧将军张景仁等","1","1","2"
"屯骑校尉史文渊等","1","1","2"
"骑校尉史文渊等军","1","1","2"
"校尉史文渊等军主","1","1","2"
"平北府谘议参军伏","1","1","2"
"北府谘议参军伏粲","1","1","2"
"都督东秦豳夏三州","1","1","2"
"督东秦豳夏三州诸","1","1","2"
"东秦豳夏三州诸军","1","1","2"
"秦豳夏三州诸军事","1","1","2"
"都督沧瀛冀三州诸","1","1","2"
"督沧瀛冀三州诸军","1","1","2"
"沧瀛冀三州诸军事","1","1","2"
"都督定瀛幽三州诸","1","1","2"
"督定瀛幽三州诸军","1","1","2"
"定瀛幽三州诸军事","1","1","2"
"时中书博士张天龙","1","1","2"
"中书博士张天龙讲","1","1","2"
"徐州刺史元法僧叛","1","1","2"
"州刺史元法僧叛入","1","1","2"
"刺史元法僧叛入萧","1","1","2"
"史元法僧叛入萧衍","1","1","2"
"本将军授徐州刺史","1","1","2"
"河间邢祐同召赴京","1","1","2"
"韩贵人生赵郡灵王","1","1","2"
"孟椒房生广陵惠王","1","1","2"
"潘贵人生彭城武宣","1","1","2"
"贵人生彭城武宣王","1","1","2"
"高椒房生北海平王","1","1","2"
"都督南豫郢东荆三","1","1","2"
"督南豫郢东荆三州","1","1","2"
"南豫郢东荆三州诸","1","1","2"
"豫郢东荆三州诸军","1","1","2"
"郢东荆三州诸军事","1","1","2"
"都督冀定相殷四州","1","1","2"
"督冀定相殷四州诸","1","1","2"
"冀定相殷四州诸军","1","1","2"
"定相殷四州诸军事","1","1","2"
"都督定相殷三州诸","1","1","2"
"督定相殷三州诸军","1","1","2"
"定相殷三州诸军事","1","1","2"
"都督冀定瀛沧幽五","1","1","2"
"督冀定瀛沧幽五州","1","1","2"
"冀定瀛沧幽五州诸","1","1","2"
"定瀛沧幽五州诸军","1","1","2"
"瀛沧幽五州诸军事","1","1","2"
"中军大将军府长史","1","1","2"
"都督定冀瀛殷四州","1","1","2"
"督定冀瀛殷四州诸","1","1","2"
"定冀瀛殷四州诸军","1","1","2"
"冀瀛殷四州诸军事","1","1","2"
"齐文襄王大将军府","1","1","2"
"文襄王大将军府记","1","1","2"
"襄王大将军府记室","1","1","2"
"王大将军府记室参","1","1","2"
"大将军府记室参军","1","1","2"
"仪同开府中兵参军","1","1","2"
"殷州征北将军长史","1","1","2"
"悦夫人生安丰匡王","1","1","2"
"都督荆司雍秦梁益","1","1","2"
"督荆司雍秦梁益宁","1","1","2"
"荆司雍秦梁益宁江","1","1","2"
"司雍秦梁益宁江八","1","1","2"
"雍秦梁益宁江八州","1","1","2"
"赐衣冠服物车旗饰","2","0","2"
"衍梁州刺史平阳县","2","0","2"
"县开国侯陈虎牙降","2","0","2"
"平南将军奚康生破","2","0","2"
"遣散骑常侍刘孝胜","1","1","2"
"通直常侍谢景朝贡","1","1","2"
"萧宝卷将裴叔业率","1","1","2"
"宝卷将裴叔业率众","1","1","2"
"卷将裴叔业率众围","1","1","2"
"功封长平县开国男","1","1","2"
"南秀容牧子万子乞","1","1","2"
"秀容牧子万子乞真","1","1","2"
"容牧子万子乞真反","1","1","2"
"牧子万子乞真反叛","1","1","2"
"相州刺史李神轨闭","1","1","2"
"尚书左丞元孚慰劳","1","1","2"
"书左丞元孚慰劳蠕","1","1","2"
"左丞元孚慰劳蠕蠕","1","1","2"
"改封乐陵郡开国公","1","1","2"
"大都督杜德等追讨","1","1","2"
"改封真定县开国公","1","1","2"
"获牛马羊数百万头","1","1","2"
"二千八百四十五人","1","1","2"
"书郎公孙阿六头使","2","0","2"
"郎公孙阿六头使萧","2","0","2"
"公孙阿六头使萧赜","2","0","2"
"司马德宗齐郡太守","2","0","2"
"马德宗齐郡太守王","2","0","2"
"德宗齐郡太守王懿","2","0","2"
"宗齐郡太守王懿降","2","0","2"
"安定郡开国公胡国","1","1","2"
"定郡开国公胡国珍","1","1","2"
"都督雍泾岐华东秦","1","1","2"
"督雍泾岐华东秦豳","1","1","2"
"雍泾岐华东秦豳六","1","1","2"
"泾岐华东秦豳六州","1","1","2"
"岐华东秦豳六州诸","1","1","2"
"华东秦豳六州诸军","1","1","2"
"东秦豳六州诸军事","1","1","2"
"蠕蠕后主郁久闾侯","1","1","2"
"蠕后主郁久闾侯匿","1","1","2"
"后主郁久闾侯匿伐","1","1","2"
"沃野镇人破落汗拔","1","1","2"
"野镇人破落汗拔陵","1","1","2"
"镇人破落汗拔陵聚","1","1","2"
"破落汗拔陵聚众反","2","0","2"
"复仪同三司李崇官","1","1","2"
"仪同三司李崇官爵","1","1","2"
"诏左光禄大夫长孙","1","1","2"
"左光禄大夫长孙稚","1","1","2"
"豫雍荆徐扬六州牧","1","1","2"
"西平郡王吐谷浑权","1","1","2"
"高祖孝文皇帝第二","1","1","2"
"祖孝文皇帝第二子","1","1","2"
"怀进号骠骑大将军","1","1","2"
"萧衍龙骧将军文思","1","1","2"
"金紫光禄大夫李虔","1","1","2"
"前燕州刺史崔渊率","1","1","2"
"广宗郡开国公朱天","2","0","2"
"宗郡开国公朱天光","2","0","2"
"云朔显汾蔚九州诸","1","1","2"
"朔显汾蔚九州诸军","1","1","2"
"显汾蔚九州诸军事","1","1","2"
"新阳县开国伯元诞","1","1","2"
"前东荆州刺史元显","1","1","2"
"东荆州刺史元显恭","1","1","2"
"司徒公长孙稚太尉","2","0","2"
"徒公长孙稚太尉公","2","0","2"
"仪同三司齐献武王","1","1","2"
"平阳郡开国公齐献","1","1","2"
"阳郡开国公齐献武","1","1","2"
"郡开国公齐献武王","1","1","2"
"开国公齐献武王封","1","1","2"
"北华州刺史公孙略","1","1","2"
"渭州刺史侯莫陈悦","1","1","2"
"开府仪同三司穆绍","1","1","2"
"肆州鲁郡王后军府","1","1","2"
"州鲁郡王后军府录","1","1","2"
"鲁郡王后军府录事","1","1","2"
"郡王后军府录事参","1","1","2"
"王后军府录事参军","1","1","2"
"博野县开国伯尉景","1","1","2"
"金紫光禄大夫库狄","1","1","2"
"紫光禄大夫库狄干","1","1","2"
"尚书右仆射魏兰根","1","1","2"
"前御史中尉樊子鹄","1","1","2"
"御史中尉樊子鹄复","1","1","2"
"南阳王宝炬太尉公","2","0","2"
"尚书左仆射贾显度","1","1","2"
"燕郡开国公贺拔允","1","1","2"
"子勃海王子恕改封","1","1","2"
"前吏部尚书李神隽","1","1","2"
"都督河渭部三州诸","1","1","2"
"督河渭部三州诸军","1","1","2"
"河渭部三州诸军事","1","1","2"
"世袭河州刺史梁景","1","1","2"
"前南岐州刺史司马","1","1","2"
"南岐州刺史司马子","1","1","2"
"左光禄大夫崔孝芬","1","1","2"
"中军大都督斛律沙","1","1","2"
"军大都督斛律沙门","1","1","2"
"通直散骑常侍魏收","1","1","2"
"坐事降骠骑大将军","2","0","2"
"北豫州刺史高仲密","1","1","2"
"开府仪同三司孙腾","1","1","2"
"开府仪同三司潘相","1","1","2"
"府仪同三司潘相乐","1","1","2"
"齐天保元年五月己","1","1","2"
"天保元年五月己未","1","1","2"
"都督荆梁益宁四州","1","1","2"
"督荆梁益宁四州诸","1","1","2"
"荆梁益宁四州诸军","1","1","2"
"梁益宁四州诸军事","1","1","2"
"将军古弼大破诸氐","1","1","2"
"中书侍郎胡方回等","1","1","2"
"书侍郎胡方回等改","1","1","2"
"侍郎胡方回等改定","1","1","2"
"郎胡方回等改定律","1","1","2"
"胡方回等改定律制","1","1","2"
"刘椒房生南安惠王","1","1","2"
"尉椒房生乐陵康王","1","1","2"
"恆州刺史穆泰谋反","2","0","2"
"时吏部尚书樊子鹄","1","1","2"
"御史中尉元纂所纠","1","1","2"
"黄门侍郎臣孙惠蔚","1","1","2"
"都督北讨诸军事讨","2","0","2"
"都督梁益荆三州诸","1","1","2"
"督梁益荆三州诸军","1","1","2"
"梁益荆三州诸军事","1","1","2"
"昭业雍州刺史曹虎","2","0","2"
"治书侍御史李焕先","1","1","2"
"卷遣太尉陈显达入","2","0","2"
"遣太尉陈显达入寇","2","0","2"
"州刺史司马明素率","1","1","2"
"前门下录事姚敬贤","1","1","2"
"时三公曹令史朱晖","1","1","2"
"门下通事令史王才","1","1","2"
"下通事令史王才达","1","1","2"
"遣黄门侍郎山伟巡","1","1","2"
"都督瀛冀二州诸军","1","1","2"
"督瀛冀二州诸军事","1","1","2"
"萧衍湘州刺史杨公","1","1","2"
"衍湘州刺史杨公率","2","0","2"
"湘州刺史杨公率众","2","0","2"
"都督梁益宁三州诸","1","1","2"
"督梁益宁三州诸军","1","1","2"
"梁益宁三州诸军事","1","1","2"
"都督征义阳诸军事","1","1","2"
"扬烈将军曹文敬进","1","1","2"
"时郢州治中督荣祖","1","1","2"
"宁朔将军张道凝等","1","1","2"
"骠骑将军徐超秀援","1","1","2"
"太子左卫率李元履","1","1","2"
"魏郡太守李孝怡率","1","1","2"
"都督冀定瀛相幽五","1","1","2"
"督冀定瀛相幽五州","1","1","2"
"冀定瀛相幽五州诸","1","1","2"
"定瀛相幽五州诸军","1","1","2"
"瀛相幽五州诸军事","1","1","2"
"追封都昌县开国伯","1","1","2"
"州刺史元法僧城南","2","0","2"
"刺史元法僧城南叛","2","0","2"
"遣豫章王综镇徐州","2","0","2"
"都督青胶光齐南青","1","1","2"
"督青胶光齐南青五","1","1","2"
"青胶光齐南青五州","1","1","2"
"胶光齐南青五州诸","1","1","2"
"光齐南青五州诸军","1","1","2"
"齐南青五州诸军事","1","1","2"
"幽州安西府功曹参","1","1","2"
"州安西府功曹参军","1","1","2"
"右慰劳十二州大使","1","1","2"
"年受敕撰门下诏书","1","1","2"
"延明受诏议定服章","1","1","2"
"尚书左丞元孚奉诏","1","1","2"
"景命统军梁仲礼率","1","1","2"
"将御夷镇军主孙念","1","1","2"
"时秘书监游雅素闻","1","1","2"
"特除员外散骑侍郎","1","1","2"
"荡寇将军张龙祥等","1","1","2"
"寇将军张龙祥等九","1","1","2"
"将军张龙祥等九家","1","1","2"
"通直散骑常侍李业","1","1","2"
"直散骑常侍李业兴","1","1","2"
"事黄门侍郎李伯尚","1","1","2"
"金紫光禄大夫张安","1","1","2"
"紫光禄大夫张安期","1","1","2"
"都督青徐兗扬豫五","1","1","2"
"督青徐兗扬豫五州","1","1","2"
"青徐兗扬豫五州诸","1","1","2"
"徐兗扬豫五州诸军","1","1","2"
"兗扬豫五州诸军事","1","1","2"
"御史中尉李平所弹","1","1","2"
"都督青齐光南青四","1","1","2"
"督青齐光南青四州","1","1","2"
"青齐光南青四州诸","1","1","2"
"齐光南青四州诸军","1","1","2"
"光南青四州诸军事","1","1","2"
"都督华豳东秦诸军","1","1","2"
"督华豳东秦诸军事","1","1","2"
"刺史裴叔业寿春内","2","0","2"
"史裴叔业寿春内属","2","0","2"
"事黄门侍郎郑道昭","1","1","2"
"大等谋杀社仑立大","2","0","2"
"遣左仆射安原等讨","2","0","2"
"高车诸部望军降者","2","0","2"
"车诸部望军降者数","2","0","2"
"诸部望军降者数十","2","0","2"
"部望军降者数十万","2","0","2"
"兄秃鹿傀左右数百","2","0","2"
"秃鹿傀左右数百人","2","0","2"
"鹿傀左右数百人朝","2","0","2"
"高车王弥俄突所杀","1","1","2"
"瑰细明光人马铠二","1","1","2"
"公私驿马牛羊数十","1","1","2"
"私驿马牛羊数十万","1","1","2"
"姨弟泾州刺史卢道","1","1","2"
"弟泾州刺史卢道裕","1","1","2"
"逐刺史丹阳王萧赞","1","1","2"
"中尉臣郦道元举奏","1","1","2"
"谨案尚书郎中臣裴","1","1","2"
"案尚书郎中臣裴献","1","1","2"
"尚书郎中臣裴献伯","1","1","2"
"时青州刺史元世俊","1","1","2"
"前秦州刺史吕受恩","1","1","2"
"秦州刺史吕受恩等","1","1","2"
"非太祖子孙异姓王","2","0","2"
"都督冀相沧瀛殷定","1","1","2"
"督冀相沧瀛殷定六","1","1","2"
"冀相沧瀛殷定六州","1","1","2"
"相沧瀛殷定六州诸","1","1","2"
"沧瀛殷定六州诸军","1","1","2"
"瀛殷定六州诸军事","1","1","2"
"都督青徐光三州诸","1","1","2"
"督青徐光三州诸军","1","1","2"
"青徐光三州诸军事","1","1","2"
"景进等招引念生攻","1","1","2"
"都督冀定相瀛沧五","1","1","2"
"督冀定相瀛沧五州","1","1","2"
"冀定相瀛沧五州诸","1","1","2"
"定相瀛沧五州诸军","1","1","2"
"相瀛沧五州诸军事","1","1","2"
"冀二州平北府长史","1","1","2"
"冀州刺史长孙道生","1","1","2"
"州刺史长孙道生等","1","1","2"
"平南大将军长孙嵩","1","1","2"
"时益州刺史傅竖眼","1","1","2"
"丞相卫王府左长史","1","1","2"
"上党王长孙道生率","1","1","2"
"司马德宗将刘裕伐","2","0","2"
"马德宗将刘裕伐姚","2","0","2"
"德宗将刘裕伐姚泓","2","0","2"
"南籓诸将表刘义隆","2","0","2"
"弘农王奚斤等三十","1","1","2"
"著作令史太原闵湛","1","1","2"
"显祖将传位京兆王","2","0","2"
"祖将传位京兆王子","2","0","2"
"将传位京兆王子推","2","0","2"
"贺持节奉皇帝玺绶","2","0","2"
"时武兴氐王杨绍先","1","1","2"
"正平都督长孙稚合","1","1","2"
"郢州刺史元愿达城","2","0","2"
"将夏侯夔率众数万","1","1","2"
"子恭所部都督史仵","1","1","2"
"恭所部都督史仵龙","1","1","2"
"礼一依安城王叔孙","2","0","2"
"一依安城王叔孙俊","2","0","2"
"御史中尉王显所弹","2","0","2"
"司马德宗平西将军","2","0","2"
"陈郡袁式等数百人","2","0","2"
"淮阳公皮豹子等督","1","1","2"
"等督关中诸军散关","2","0","2"
"督关中诸军散关西","2","0","2"
"关中诸军散关西入","2","0","2"
"镇北将军封沓亡入","2","0","2"
"北将军封沓亡入蠕","2","0","2"
"将军封沓亡入蠕蠕","2","0","2"
"奔姚兴豫州牧姚绍","1","1","2"
"刘义符青州刺史竺","1","1","2"
"建兴公古弼等十余","1","1","2"
"遣中兵校郎杨定归","1","1","2"
"中兵校郎杨定归白","1","1","2"
"兵校郎杨定归白顺","1","1","2"
"都督定冀相殷四州","1","1","2"
"督定冀相殷四州诸","1","1","2"
"定冀相殷四州诸军","1","1","2"
"冀相殷四州诸军事","1","1","2"
"齐献武王大行台郎","1","1","2"
"献武王大行台郎中","1","1","2"
"大将军府法曹参军","1","1","2"
"都督殷沧二州诸军","1","1","2"
"督殷沧二州诸军事","1","1","2"
"齐献武王大丞相谘","1","1","2"
"献武王大丞相谘议","1","1","2"
"武王大丞相谘议参","1","1","2"
"王大丞相谘议参军","1","1","2"
"荆州刺史桓叔兴驱","1","1","2"
"孝元皇后生献文皇","1","1","2"
"沮渠夫人生齐郡顺","1","1","2"
"渠夫人生齐郡顺王","1","1","2"
"乙夫人生河间孝王","1","1","2"
"员外通直散骑常侍","1","1","2"
"南徐州刺史沈陵见","1","1","2"
"御史中尉元匡所弹","1","1","2"
"牧犍兄子祖逾城降","2","0","2"
"牧犍兄子万年率麾","2","0","2"
"犍兄子万年率麾下","2","0","2"
"兄子万年率麾下降","2","0","2"
"凉州民三万余家京","2","0","2"
"州民三万余家京师","2","0","2"
"州刺史司马腾乞师","2","0","2"
"都水使者襄陵王摅","1","1","2"
"将作大匠望都公靳","1","1","2"
"作大匠望都公靳陵","1","1","2"
"遣司虞中郎将贾霸","1","1","2"
"司虞中郎将贾霸率","1","1","2"
"王公文武将吏数千","1","1","2"
"义阳公平率众四万","2","0","2"
"阳公平率众四万侵","2","0","2"
"扬武将军雷重等将","1","1","2"
"武将军雷重等将士","1","1","2"
"散骑常侍东武侯姚","1","1","2"
"骑常侍东武侯姚敞","1","1","2"
"侍中太原公薛提等","1","1","2"
"北部主书郎公孙处","1","1","2"
"部主书郎公孙处显","1","1","2"
"信任尚书仆射王国","1","1","2"
"任尚书仆射王国宝","1","1","2"
"说荆州刺史殷仲堪","1","1","2"
"德宗兗州刺史王恭","2","0","2"
"荆州刺史殷仲堪等","1","1","2"
"州刺史殷仲堪等率","1","1","2"
"刺史殷仲堪等率军","1","1","2"
"征虏将军司马元显","1","1","2"
"虏将军司马元显一","1","1","2"
"将军司马元显一军","1","1","2"
"振威将军刘山民等","1","1","2"
"光禄大夫武陵王司","1","1","2"
"禄大夫武陵王司马","1","1","2"
"大夫武陵王司马遵","1","1","2"
"夫武陵王司马遵授","1","1","2"
"平二州东夷诸军事","1","1","2"
"永昌王健督诸军救","2","0","2"
"员外散骑侍郎李敖","1","1","2"
"王俭卫军府户曹属","1","1","2"
"梓潼二郡太守刘山","1","1","2"
"潼二郡太守刘山阳","1","1","2"
"小岘戍主党法宗袭","2","0","2"
"擒龙骧将军邾菩萨","2","0","2"
"宁朔将军吴道爽等","1","1","2"
"徐州长史潘伯怜屯","1","1","2"
"州长史潘伯怜屯军","1","1","2"
"长史潘伯怜屯军淮","1","1","2"
"史潘伯怜屯军淮陵","1","1","2"
"衍将姜庆真袭陷寿","2","0","2"
"将姜庆真袭陷寿春","2","0","2"
"姜庆真袭陷寿春外","2","0","2"
"庆真袭陷寿春外郭","2","0","2"
"国男赵景悦等十将","2","0","2"
"元英破衍将王僧炳","2","0","2"
"英破衍将王僧炳樊","2","0","2"
"破衍将王僧炳樊城","2","0","2"
"将军蔡灵恩等十余","2","0","2"
"军蔡灵恩等十余将","2","0","2"
"衍霍州刺史田道龙","2","0","2"
"义州刺史张宗遣使","2","0","2"
"州刺史张宗遣使内","2","0","2"
"刺史张宗遣使内附","2","0","2"
"衍梁秦二州行事夏","2","0","2"
"梁秦二州行事夏侯","2","0","2"
"州行事夏侯道迁汉","2","0","2"
"行事夏侯道迁汉中","2","0","2"
"事夏侯道迁汉中内","2","0","2"
"夏侯道迁汉中内附","2","0","2"
"国将军范始男送京","2","0","2"
"将军范始男送京师","2","0","2"
"辅国将军冯文豪等","1","1","2"
"斩秦梁二州刺史鲁","2","0","2"
"秦梁二州刺史鲁方","2","0","2"
"扬州刺史元嵩击破","2","0","2"
"江州刺史王茂先寇","2","0","2"
"州刺史王茂先寇荆","2","0","2"
"刺史王茂先寇荆州","2","0","2"
"衍徐州刺史王伯敖","2","0","2"
"徐州刺史王伯敖入","1","1","2"
"州刺史王伯敖入寇","1","1","2"
"刺史王伯敖入寇阴","1","1","2"
"史王伯敖入寇阴陵","1","1","2"
"龙骧将军矫道仪屯","1","1","2"
"大将蓝怀恭等三十","1","1","2"
"将蓝怀恭等三十余","1","1","2"
"蓝怀恭等三十余人","1","1","2"
"马头戍主朱思远弃","1","1","2"
"头戍主朱思远弃城","1","1","2"
"衍遣将齐苟仁等四","2","0","2"
"遣将齐苟仁等四将","2","0","2"
"将齐苟仁等四将助","2","0","2"
"郢州刺史娄悦击走","2","0","2"
"阳县开国伯徐元秀","1","1","2"
"县开国伯徐元秀等","1","1","2"
"开国伯徐元秀等二","1","1","2"
"国伯徐元秀等二十","1","1","2"
"伯徐元秀等二十六","1","1","2"
"李元履弃黄岘遁走","2","0","2"
"衍琅邪郡民王万寿","2","0","2"
"琅邪郡民王万寿等","2","0","2"
"琅邪东莞二郡太守","2","0","2"
"山戍主刘晣将士四","2","0","2"
"戍主刘晣将士四十","2","0","2"
"主刘晣将士四十余","2","0","2"
"刘晣将士四十余人","2","0","2"
"遣郯城戍副张天惠","2","0","2"
"郯城戍副张天惠率","2","0","2"
"衍郁洲遣二军拒天","2","0","2"
"郁洲遣二军拒天惠","2","0","2"
"天惠万寿等内外齐","2","0","2"
"惠万寿等内外齐击","2","0","2"
"遣琅邪戍主傅文骥","2","0","2"
"荆州刺史桓叔兴大","2","0","2"
"州刺史桓叔兴大破","2","0","2"
"州刺史任太洪率众","2","0","2"
"刺史任太洪率众寇","2","0","2"
"史任太洪率众寇关","2","0","2"
"任太洪率众寇关城","2","0","2"
"益州长史成兴孙击","2","0","2"
"州长史成兴孙击破","2","0","2"
"豫州刺史赵祖悦率","1","1","2"
"衍衡州刺史张齐寇","2","0","2"
"衡州刺史张齐寇益","2","0","2"
"州刺史张齐寇益州","2","0","2"
"太守姜平洛等入寇","2","0","2"
"守姜平洛等入寇直","2","0","2"
"姜平洛等入寇直城","2","0","2"
"梁州刺史傅竖眼遣","2","0","2"
"州刺史傅竖眼遣息","2","0","2"
"刺史傅竖眼遣息敬","2","0","2"
"史傅竖眼遣息敬绍","2","0","2"
"傅竖眼遣息敬绍率","2","0","2"
"竖眼遣息敬绍率众","2","0","2"
"益州刺史邴虬遣子","2","0","2"
"州刺史邴虬遣子子","2","0","2"
"刺史邴虬遣子子达","2","0","2"
"行台魏子建遣将淳","2","0","2"
"台魏子建遣将淳诞","2","0","2"
"魏子建遣将淳诞拒","2","0","2"
"子建遣将淳诞拒击","2","0","2"
"衍遣将曹义宗寇荆","2","0","2"
"遣将曹义宗寇荆州","2","0","2"
"巴州刺史严始欣州","2","0","2"
"都督元景夏率益梁","1","1","2"
"督元景夏率益梁二","1","1","2"
"元景夏率益梁二州","1","1","2"
"青州刺史茹怀朗遣","2","0","2"
"部将何宝率步骑三","2","0","2"
"将何宝率步骑三千","2","0","2"
"何宝率步骑三千击","2","0","2"
"鄴王元树谯州刺史","2","0","2"
"王元树谯州刺史朱","2","0","2"
"元树谯州刺史朱文","2","0","2"
"树谯州刺史朱文开","2","0","2"
"东南道行台樊子鹄","1","1","2"
"南道行台樊子鹄率","1","1","2"
"雄信将军纪耕率众","1","1","2"
"信将军纪耕率众入","1","1","2"
"将军纪耕率众入寇","1","1","2"
"郢州刺史田朴特等","1","1","2"
"南青州刺史陆景元","1","1","2"
"通直常侍陆缅朝贡","1","1","2"
"衍弟子临贺王正德","2","0","2"
"尚书仆射王国宝轻","1","1","2"
"书仆射王国宝轻薄","1","1","2"
"召豫州刺史司马尚","1","1","2"
"凉州诸军讨吐谷浑","2","0","2"
"州诸军讨吐谷浑慕","2","0","2"
"诸军讨吐谷浑慕利","2","0","2"
"军讨吐谷浑慕利延","2","0","2"
"令左卫将军杨津代","1","1","2"
"时中山太守赵叔隆","1","1","2"
"强弓大箭望楼射窗","1","1","2"
"难娶左卫将军侯刚","1","1","2"
"娶左卫将军侯刚女","1","1","2"
"江州刺史王茂先率","1","1","2"
"萧衍遣将康绚浮山","2","0","2"
"萧衍遣左游击将军","2","0","2"
"衍遣左游击将军赵","2","0","2"
"遣左游击将军赵祖","2","0","2"
"游击将军赵祖悦率","1","1","2"
"西道六州营田大使","1","1","2"
"真定公元子直国中","1","1","2"
"定公元子直国中尉","1","1","2"
"殿中侍御史监军鹿","1","1","2"
"扬州车骑府录事参","1","1","2"
"州车骑府录事参军","1","1","2"
"马渚西夜渡数百骑","1","1","2"
"河西人纥豆陵步蕃","2","0","2"
"前华阳太守段育慰","1","1","2"
"建州刺史陆希质闭","1","1","2"
"州刺史陆希质闭城","1","1","2"
"外兵参军阳叔渊单","1","1","2"
"兵参军阳叔渊单骑","1","1","2"
"参军阳叔渊单骑驰","1","1","2"
"军阳叔渊单骑驰赴","1","1","2"
"阳叔渊单骑驰赴北","1","1","2"
"叔渊单骑驰赴北中","1","1","2"
"时都官郎穆子容穷","1","1","2"
"都官郎穆子容穷究","1","1","2"
"大将军元天穆东征","1","1","2"
"将军元天穆东征邢","1","1","2"
"军元天穆东征邢杲","1","1","2"
"丑奴行台尉迟菩萨","1","1","2"
"奴行台尉迟菩萨相","1","1","2"
"行台尉迟菩萨相遇","1","1","2"
"分遣诸军散营农稼","1","1","2"
"行台万俟道洛率众","1","1","2"
"台万俟道洛率众六","1","1","2"
"万俟道洛率众六千","1","1","2"
"俟道洛率众六千人","1","1","2"
"南秦滑城人谋害刺","1","1","2"
"秦滑城人谋害刺史","1","1","2"
"滑城人谋害刺史辛","1","1","2"
"城人谋害刺史辛琛","1","1","2"
"人谋害刺史辛琛显","1","1","2"
"帅夏州人宿勤明达","1","1","2"
"时黄门侍郎崔悛作","1","1","2"
"黄门侍郎崔悛作色","1","1","2"
"齐献武王深思俊言","1","1","2"
"寻加通直散骑常侍","2","0","2"
"咸阳王禧等六王子","1","1","2"
"阳王禧等六王子孙","1","1","2"
"王禧等六王子孙像","1","1","2"
"武泰元年四月九日","1","1","2"
"荣外兵参军司马子","1","1","2"
"大将军元穆先平齐","1","1","2"
"将军元穆先平齐地","1","1","2"
"河内太守元袭固守","1","1","2"
"荣妻北乡郡长公主","1","1","2"
"汝南乡郡二郡太守","1","1","2"
"秘书丞同郡李伯尚","1","1","2"
"父舅氏沮渠蒙逊曾","1","1","2"
"冀州仪同府中兵参","1","1","2"
"州仪同府中兵参军","1","1","2"
"御史中尉元匡高选","1","1","2"
"史中尉元匡高选御","1","1","2"
"中尉元匡高选御史","1","1","2"
"改封北海郡开国公","1","1","2"
"朱荣大将军府司马","1","1","2"
"改封城阳郡开国公","1","1","2"
"本将军除广州刺史","1","1","2"
"都督河东正平军事","1","1","2"
"刺史崔元珍闭门拒","1","1","2"
"史崔元珍闭门拒守","1","1","2"
"进封南阳郡开国公","1","1","2"
"衍谯州刺史朱文开","1","1","2"
"子鹄先使前胶州刺","1","1","2"
"鹄先使前胶州刺史","1","1","2"
"先使前胶州刺史严","1","1","2"
"使前胶州刺史严思","1","1","2"
"前胶州刺史严思达","1","1","2"
"胶州刺史严思达镇","1","1","2"
"沃野人破落汗拔陵","1","1","2"
"野人破落汗拔陵聚","1","1","2"
"本官假骠骑大将军","1","1","2"
"人诱动蛮王问道期","1","1","2"
"夏州刺史宇文黑獭","1","1","2"
"范阳太守卢文伟诱","1","1","2"
"幽州刺史刘灵助举","1","1","2"
"州刺史刘灵助举义","1","1","2"
"刺史刘灵助举义兵","1","1","2"
"青州刺史东莱王贵","1","1","2"
"州刺史东莱王贵平","1","1","2"
"刺史东莱王贵平密","1","1","2"
"史东莱王贵平密信","1","1","2"
"时顺阳太守王青石","1","1","2"
"没鹿回部大人窦宾","1","1","2"
"晋太傅东海王司马","1","1","2"
"太傅东海王司马越","1","1","2"
"议欲定都氵垒源川","1","1","2"
"慕容元真遣使朝贡","2","0","2"
"悉勿祈兄弟十二人","1","1","2"
"三十三年冬十一月","1","1","2"
"假员外散骑常侍邢","1","1","2"
"员外散骑常侍崔演","1","1","2"
"孔子二十八世孙鲁","1","1","2"
"子二十八世孙鲁郡","1","1","2"
"羌民钟岂渴干等二","1","1","2"
"民钟岂渴干等二千","1","1","2"
"钟岂渴干等二千三","1","1","2"
"岂渴干等二千三百","1","1","2"
"渴干等二千三百户","1","1","2"
"诏员外散骑常侍许","2","0","2"
"散骑常侍许赤虎使","2","0","2"
"骑常侍许赤虎使刘","2","0","2"
"常侍许赤虎使刘昱","2","0","2"
"地豆诸国遣使朝献","2","0","2"
"契丹诸国遣使朝献","2","0","2"
"悉万斤国遣使朝贡","2","0","2"
"复前东郡王陆定国","1","1","2"
"平西将军杨灵珍等","1","1","2"
"员外散骑常侍李长","1","1","2"
"外散骑常侍李长仁","1","1","2"
"员外散骑常侍郑羲","1","1","2"
"龟兹诸国遣使朝献","2","0","2"
"悉万斤诸国遣使朝","2","0","2"
"车骑大将军冯熙督","1","1","2"
"龙骧将军胡青苟率","1","1","2"
"萧道成游击将军桓","1","1","2"
"道成游击将军桓康","1","1","2"
"兰台御史张求等一","1","1","2"
"台御史张求等一百","1","1","2"
"封昌黎王冯熙世子","1","1","2"
"白兰王吐谷浑翼世","1","1","2"
"假员外散骑常侍李","1","1","2"
"七十五万一千七百","1","1","2"
"南部尚书公孙文庆","1","1","2"
"诏员外散骑常侍邢","2","0","2"
"员外散骑侍郎侯灵","1","1","2"
"外散骑侍郎侯灵绍","1","1","2"
"员外散骑侍郎苏季","1","1","2"
"外散骑侍郎苏季连","1","1","2"
"通直散骑常侍李彪","1","1","2"
"诏员外散骑常侍宋","2","0","2"
"员外散骑常侍宋弁","1","1","2"
"员外散骑侍郎房亮","1","1","2"
"员外散骑侍郎刘承","1","1","2"
"外散骑侍郎刘承叔","1","1","2"
"诏员外散骑常侍高","2","0","2"
"员外散骑常侍高聪","1","1","2"
"员外散骑侍郎贾祯","1","1","2"
"员外散骑常侍卢昶","1","1","2"
"员外散骑侍郎王清","1","1","2"
"外散骑侍郎王清石","1","1","2"
"文武应求者具名闻","2","0","2"
"龙阳县开国侯王朗","1","1","2"
"右将军元隆大破汾","1","1","2"
"将军元隆大破汾州","1","1","2"
"后军将军赵祖悦等","1","1","2"
"军将军赵祖悦等十","1","1","2"
"将军赵祖悦等十五","1","1","2"
"鸾遣将裴叔业寇涡","2","0","2"
"遣将裴叔业寇涡阳","2","0","2"
"继都督北讨诸军事","2","0","2"
"振武将军慕容平城","1","1","2"
"高凉王乐真改封平","1","1","2"
"凉王乐真改封平阳","1","1","2"
"王乐真改封平阳王","1","1","2"
"诏南平公长孙嵩等","2","0","2"
"定二州诸山居杂胡","2","0","2"
"赐南平公长孙嵩等","1","1","2"
"泰常元年春正月甲","1","1","2"
"常元年春正月甲申","1","1","2"
"护高车中郎将薛繁","1","1","2"
"高车中郎将薛繁率","1","1","2"
"高车丁零十二部大","1","1","2"
"事黄门侍郎奚观率","1","1","2"
"池阳侯司马道赐等","1","1","2"
"义符东郡太守王景","2","0","2"
"符东郡太守王景度","2","0","2"
"遣寿光侯叔孙建等","1","1","2"
"萧衍宁州刺史任太","1","1","2"
"诏平南将军杨大眼","2","0","2"
"诏假右光禄大夫元","1","1","2"
"假右光禄大夫元遥","1","1","2"
"定州刺史田超秀率","1","1","2"
"群臣奏请皇太后临","1","1","2"
"臣奏请皇太后临朝","1","1","2"
"定州刺史崔亮假镇","1","1","2"
"州刺史崔亮假镇南","1","1","2"
"刺史崔亮假镇南将","1","1","2"
"史崔亮假镇南将军","1","1","2"
"弘化太守杜桂举郡","1","1","2"
"沔都督元志大破萧","1","1","2"
"都督元志大破萧衍","1","1","2"
"督元志大破萧衍军","1","1","2"
"萧衍衡州刺史张齐","1","1","2"
"中尉元匡考定权衡","1","1","2"
"开府仪同三司胡国","1","1","2"
"府仪同三司胡国珍","1","1","2"
"三千七百九十九人","1","1","2"
"龙骧将军崔袭持节","1","1","2"
"改葬文昭皇太后高","1","1","2"
"葬文昭皇太后高氏","1","1","2"
"左光禄大夫皇甫集","1","1","2"
"蠕蠕莫缘梁贺侯豆","1","1","2"
"蠕莫缘梁贺侯豆率","1","1","2"
"尚书长孙稚巡抚北","1","1","2"
"萧衍义州刺史文僧","1","1","2"
"衍义州刺史文僧明","1","1","2"
"义州刺史文僧明率","1","1","2"
"高车国主覆罗伊匐","1","1","2"
"左光禄大夫皇甫度","1","1","2"
"尚书右仆射元纂率","1","1","2"
"诏河间王琛总众援","2","0","2"
"莫折天生攻陷岐州","1","1","2"
"益州刺史魏子建招","1","1","2"
"州刺史魏子建招降","1","1","2"
"刺史魏子建招降南","1","1","2"
"史魏子建招降南秦","1","1","2"
"萧衍遣北梁州长史","2","0","2"
"柔玄镇人杜洛周率","1","1","2"
"玄镇人杜洛周率众","1","1","2"
"叠伏罗国遣使朝贡","2","0","2"
"燕州刺史崔秉率众","1","1","2"
"光禄大夫宗正珍孙","1","1","2"
"封广川县开国公元","1","1","2"
"临淮王彧仪同三司","2","0","2"
"东秦州刺史潘义渊","1","1","2"
"金紫光禄大夫源子","1","1","2"
"紫光禄大夫源子邕","1","1","2"
"雍州刺史萧宝夤州","2","0","2"
"州刺史萧宝夤州反","2","0","2"
"尚书右仆射长孙稚","1","1","2"
"建国三十四年七月","1","1","2"
"国三十四年七月七","1","1","2"
"三十四年七月七日","1","1","2"
"登国元年春正月戊","1","1","2"
"国元年春正月戊申","1","1","2"
"部大人叔孙普洛等","1","1","2"
"大人叔孙普洛等十","1","1","2"
"人叔孙普洛等十三","1","1","2"
"叔孙普洛等十三人","1","1","2"
"赐功臣长孙嵩等七","1","1","2"
"功臣长孙嵩等七十","1","1","2"
"臣长孙嵩等七十三","1","1","2"
"长孙嵩等七十三人","1","1","2"
"卫辰遣子直力鞮寇","2","0","2"
"西部泣黎大人茂鲜","1","1","2"
"遣南部大人长孙嵩","1","1","2"
"南部大人长孙嵩追","1","1","2"
"遣将军王建等三军","1","1","2"
"将军王建等三军讨","1","1","2"
"宝广宁太守刘亢泥","2","0","2"
"上谷太守慕容普邻","1","1","2"
"诏征东大将军东平","2","0","2"
"征东大将军东平公","2","0","2"
"冀州刺史宜都王慕","1","1","2"
"州刺史宜都王慕容","1","1","2"
"刺史宜都王慕容凤","1","1","2"
"殿中侍御史孟辅等","1","1","2"
"纥突邻部帅匿物尼","2","0","2"
"大将军东平公元仪","1","1","2"
"遣抚军大将军略阳","1","1","2"
"抚军大将军略阳公","1","1","2"
"军大将军略阳公元","1","1","2"
"大将军略阳公元遵","1","1","2"
"将军略阳公元遵袭","1","1","2"
"尚书吏部郎中邓渊","1","1","2"
"吏部尚书崔玄伯总","1","1","2"
"高凉王乐真等七军","1","1","2"
"前清河太守傅世聚","1","1","2"
"司马德宗将辛恭靖","2","0","2"
"马德宗将辛恭靖请","2","0","2"
"德宗将辛恭靖请救","2","0","2"
"天下镇戍将士布帛","1","1","2"
"虎威将军宿沓干等","1","1","2"
"镇西大将军毗陵王","1","1","2"
"永兴二年九月甲寅","1","1","2"
"正平二年十月戊申","1","1","2"
"骠骑大将军元寿乐","1","1","2"
"等十余国遣使朝贡","2","0","2"
"兴光元年春正月乙","1","1","2"
"光元年春正月乙丑","1","1","2"
"太安元年春正月辛","1","1","2"
"安元年春正月辛酉","1","1","2"
"遣尚书穆伏真等三","1","1","2"
"尚书穆伏真等三十","1","1","2"
"书穆伏真等三十人","1","1","2"
"州刺史乞佛成龙讨","1","1","2"
"将殷孝祖修两城清","2","0","2"
"西将军皮豹子等三","1","1","2"
"河西诸军南趋石楼","1","1","2"
"过山南二百二十步","1","1","2"
"车骑将军王肃大破","1","1","2"
"豫州刺史田益宗破","2","0","2"
"龙骧将军吴道爽等","1","1","2"
"骧将军吴道爽等数","1","1","2"
"将军吴道爽等数千","1","1","2"
"尚书左仆射源怀抚","1","1","2"
"大破萧衍将吴子阳","1","1","2"
"江州刺史曲江公陈","1","1","2"
"州刺史曲江公陈伯","1","1","2"
"邵阳县开国侯张惠","1","1","2"
"阳县开国侯张惠绍","1","1","2"
"监司州事蔡灵恩等","1","1","2"
"行梁州事夏侯道迁","1","1","2"
"宕昌国世子梁弥博","1","1","2"
"辅国将军鲁方达等","1","1","2"
"国将军鲁方达等攻","1","1","2"
"足遣统军卢祖迁等","2","0","2"
"遣统军卢祖迁等击","2","0","2"
"衍冠军将军杨伯仁","1","1","2"
"萧衍巴西太守庾域","1","1","2"
"二州刺史鲁方达等","1","1","2"
"州刺史鲁方达等十","1","1","2"
"刺史鲁方达等十五","1","1","2"
"史鲁方达等十五人","1","1","2"
"梓潼县开国子王景","1","1","2"
"潼县开国子王景胤","1","1","2"
"沔东太守田青喜率","1","1","2"
"骠骑大将军源怀慎","1","1","2"
"右卫将军元丽等讨","1","1","2"
"曲江县开国公陈伯","1","1","2"
"安西将军元丽大破","1","1","2"
"西将军元丽大破秦","1","1","2"
"将军元丽大破秦贼","1","1","2"
"假平南将军奚康生","1","1","2"
"龙骧将军矫道仪等","1","1","2"
"郢州刺史娄悦追击","1","1","2"
"冯翊太守宇文子生","1","1","2"
"翊太守宇文子生等","1","1","2"
"夏州长史曹明谋反","1","1","2"
"杖提莎钵离阿失勒","1","1","2"
"提莎钵离阿失勒摩","1","1","2"
"莎钵离阿失勒摩致","1","1","2"
"钵离阿失勒摩致钵","1","1","2"
"豫州彭城人白早生","1","1","2"
"州彭城人白早生杀","1","1","2"
"白早生杀刺史司马","2","0","2"
"早生杀刺史司马悦","2","0","2"
"前宿豫戍主成安乐","1","1","2"
"蛮民一万七千户相","1","1","2"
"子私署左卫将军孝","1","1","2"
"私署左卫将军孝亮","1","1","2"
"阳县开国伯徐元季","1","1","2"
"县开国伯徐元季等","1","1","2"
"开国伯徐元季等二","1","1","2"
"国伯徐元季等二十","1","1","2"
"伯徐元季等二十六","1","1","2"
"平东将军奚康生等","1","1","2"
"肆州秀容郡敷城县","1","1","2"
"新丰县开国子蔡令","1","1","2"
"丰县开国子蔡令孙","1","1","2"
"刘彧司州刺史常珍","2","0","2"
"彧司州刺史常珍奇","2","0","2"
"刘彧兗州刺史毕众","2","0","2"
"彧兗州刺史毕众敬","2","0","2"
"兗州刺史毕众敬遣","2","0","2"
"刘彧青州刺史沈文","2","0","2"
"冀州刺史崔道固遣","2","0","2"
"州刺史崔道固遣使","2","0","2"
"诏征南大将军慕容","2","0","2"
"平原太守刘休宾举","1","1","2"
"原太守刘休宾举城","1","1","2"
"徐州群盗司马休符","1","1","2"
"都督青齐东徐三州","1","1","2"
"督青齐东徐三州诸","1","1","2"
"青齐东徐三州诸军","1","1","2"
"齐东徐三州诸军事","1","1","2"
"太尉源贺持节奉皇","1","1","2"
"尉源贺持节奉皇帝","1","1","2"
"冯翊郡开国公源绍","1","1","2"
"翊郡开国公源绍景","1","1","2"
"真定县开国公子直","1","1","2"
"金紫光禄大夫李叔","1","1","2"
"紫光禄大夫李叔仁","1","1","2"
"大都督宗正珍孙率","1","1","2"
"征巴州都督元景夏","1","1","2"
"巴州都督元景夏讨","1","1","2"
"豫州刺史元崇礼杀","1","1","2"
"通直散骑常侍敖曹","1","1","2"
"清河王亶仪同三司","2","0","2"
"见尚书右仆射元罗","1","1","2"
"车骑大将军斛斯椿","1","1","2"
"建明二年正月戊子","1","1","2"
"通直散骑常侍高敖","1","1","2"
"直散骑常侍高敖曹","1","1","2"
"西北大行台长孙稚","1","1","2"
"开府仪同三司斛斯","1","1","2"
"府仪同三司斛斯椿","1","1","2"
"尚书右仆射樊子鹄","1","1","2"
"开府仪同三司高盛","1","1","2"
"开府仪同三司高昂","1","1","2"
"东南道行台元晏讨","1","1","2"
"川防城都督刘鸾庆","1","1","2"
"内外百官普进一阶","2","0","2"
"大都督万俟受洛干","1","1","2"
"都督万俟受洛干等","1","1","2"
"仪同三司寇洛生等","1","1","2"
"同三司寇洛生等二","1","1","2"
"三司寇洛生等二十","1","1","2"
"尚书左仆射司马子","1","1","2"
"府仪同三司库狄太","2","0","2"
"梁州人公孙贵宾聚","1","1","2"
"封前员外散骑侍郎","1","1","2"
"前员外散骑侍郎元","1","1","2"
"遣行台慕容绍宗讨","1","1","2"
"开府仪同三司高岳","1","1","2"
"大将军中兵参军崔","1","1","2"
"将军中兵参军崔季","1","1","2"
"军中兵参军崔季舒","1","1","2"
"平阳王长孙翰等击","1","1","2"
"斤率义兵将军封礼","2","0","2"
"员外散骑常侍步堆","1","1","2"
"司空奚斤进军安定","1","1","2"
"刘义隆淮北镇将王","1","1","2"
"义隆淮北镇将王仲","1","1","2"
"隆淮北镇将王仲德","1","1","2"
"广陵公楼伏连留守","1","1","2"
"司徒平阳王长孙翰","1","1","2"
"相三州造船三千艘","1","1","2"
"简幽州南戍兵集河","2","0","2"
"幽州南戍兵集河上","2","0","2"
"大鸿胪卿杜超假节","1","1","2"
"都督冀定相三州诸","1","1","2"
"督冀定相三州诸军","1","1","2"
"大将军长孙道生屯","1","1","2"
"征南大将军杜超等","1","1","2"
"义隆司州刺史尹冲","2","0","2"
"隆司州刺史尹冲坠","2","0","2"
"州刺史尹冲坠城死","2","0","2"
"留巴东公延普等镇","1","1","2"
"赫连定北袭沮渠蒙","1","1","2"
"连定北袭沮渠蒙逊","1","1","2"
"尚书左仆射安原等","1","1","2"
"斤发幽州民密云丁","2","0","2"
"发幽州民密云丁零","2","0","2"
"幽州民密云丁零万","2","0","2"
"州民密云丁零万余","2","0","2"
"民密云丁零万余人","2","0","2"
"侍御史崔聘奉献牛","1","1","2"
"御史崔聘奉献牛酒","1","1","2"
"平东将军贺多罗攻","1","1","2"
"文通带方太守慕容","1","1","2"
"通带方太守慕容玄","1","1","2"
"都督秦雍泾梁益五","1","1","2"
"督秦雍泾梁益五州","1","1","2"
"秦雍泾梁益五州诸","1","1","2"
"雍泾梁益五州诸军","1","1","2"
"泾梁益五州诸军事","1","1","2"
"骠骑将军司马元显","1","1","2"
"尚书左仆射安原督","1","1","2"
"大鸿胪卿崔赜持节","1","1","2"
"征西大将军常山王","1","1","2"
"尚书左仆射安原谋","1","1","2"
"书左仆射安原谋反","1","1","2"
"定州七郡一万二千","1","1","2"
"州七郡一万二千人","1","1","2"
"故南秦王世子杨保","1","1","2"
"南秦王世子杨保宗","1","1","2"
"弟董率万余人拒战","2","0","2"
"董率万余人拒战城","2","0","2"
"率万余人拒战城南","2","0","2"
"安远将军源贺分略","1","1","2"
"远将军源贺分略诸","1","1","2"
"将军源贺分略诸郡","1","1","2"
"上党王长孙道生等","1","1","2"
"封蠕蠕郁久闾乞列","1","1","2"
"蠕蠕郁久闾乞列归","1","1","2"
"武都王杨保宗谋反","1","1","2"
"上党王长孙道生镇","1","1","2"
"西平王吐谷浑慕利","1","1","2"
"平王吐谷浑慕利延","1","1","2"
"王吐谷浑慕利延杀","1","1","2"
"东雍州刺史沮渠秉","1","1","2"
"雍州刺史沮渠秉谋","1","1","2"
"员外散骑常侍高济","1","1","2"
"部落帅白广平西掠","1","1","2"
"落帅白广平西掠新","1","1","2"
"帅白广平西掠新平","1","1","2"
"西征诸将扶风公元","1","1","2"
"征诸将扶风公元处","1","1","2"
"诸将扶风公元处真","1","1","2"
"将扶风公元处真等","1","1","2"
"扶风公元处真等八","1","1","2"
"仇池镇将皮豹子讨","1","1","2"
"白水太守郎启玄率","1","1","2"
"壶关东北大王山累","1","1","2"
"成周公万度归千里","1","1","2"
"宁朔将军王玄谟西","1","1","2"
"朔将军王玄谟西攻","1","1","2"
"将军王玄谟西攻滑","1","1","2"
"军王玄谟西攻滑台","1","1","2"
"殿中尚书长孙真率","1","1","2"
"鲁郡太守崔邪利率","1","1","2"
"遣散骑常侍陆晏子","1","1","2"
"南徐州刺史沈陵南","1","1","2"
"徐州刺史沈陵南叛","1","1","2"
"高平镇人万俟丑奴","1","1","2"
"平镇人万俟丑奴僭","1","1","2"
"右光禄大夫蒋天乐","1","1","2"
"武定元年春正月壬","1","1","2"
"定元年春正月壬戌","1","1","2"
"道武宣穆皇后刘氏","1","1","2"
"明元昭哀皇后姚氏","1","1","2"
"太武敬哀皇后贺氏","1","1","2"
"左卫将军奚康生谋","1","1","2"
"尚书左仆射杨遵彦","1","1","2"
"吏部郎中李奖退表","1","1","2"
"黄门郎徐纥受四方","1","1","2"
"门郎徐纥受四方表","1","1","2"
"郎徐纥受四方表启","1","1","2"
"长广东山见道人法","1","1","2"
"广东山见道人法穆","1","1","2"
"献经史诸子千余卷","1","1","2"
"义阳王典祠令任城","1","1","2"
"弟中兵参军薛脩义","1","1","2"
"遣弟亢泥等迎窟咄","2","0","2"
"部大人叔孙普洛节","1","1","2"
"宁朔将军张元孙奉","1","1","2"
"东徐州刺史张谠所","1","1","2"
"徐州刺史张谠所戍","1","1","2"
"雍州刺史陈显达率","1","1","2"
"陇西公源怀卫大将","1","1","2"
"西公源怀卫大将军","1","1","2"
"公源怀卫大将军府","1","1","2"
"源怀卫大将军府长","1","1","2"
"怀卫大将军府长史","1","1","2"
"义隆遣将裴方明等","2","0","2"
"故武都王保宗妻公","1","1","2"
"武都王保宗妻公主","1","1","2"
"都王保宗妻公主送","1","1","2"
"白水太守郭启玄率","1","1","2"
"豹子前锋候骑相遇","1","1","2"
"前泾州刺史封阿君","1","1","2"
"泾州刺史封阿君督","1","1","2"
"仆射南平公元目振","1","1","2"
"射南平公元目振都","1","1","2"
"南平公元目振都督","1","1","2"
"平公元目振都督中","1","1","2"
"公元目振都督中外","1","1","2"
"元目振都督中外军","1","1","2"
"目振都督中外军事","1","1","2"
"随长孙观掩击氐羌","1","1","2"
"大将军元天穆东讨","1","1","2"
"将军元天穆东讨邢","1","1","2"
"军元天穆东讨邢杲","1","1","2"
"南徐州刺史沈陵密","1","1","2"
"徐州刺史沈陵密谋","1","1","2"
"州刺史沈陵密谋外","1","1","2"
"刺史沈陵密谋外叛","1","1","2"
"令征虏将军赵遐率","1","1","2"
"益阳县开国侯垣恭","1","1","2"
"阳县开国侯垣恭祖","1","1","2"
"州刺史樊昌侯王整","1","1","2"
"兰陵太守桓忻驱掠","1","1","2"
"青州刺史沈文秀等","1","1","2"
"遣征南大将军慕容","1","1","2"
"南济阴郡睢陵县人","1","1","2"
"济阴郡睢陵县人赵","1","1","2"
"阴郡睢陵县人赵怜","1","1","2"
"郡睢陵县人赵怜等","1","1","2"
"胡人子都将呼延笼","1","1","2"
"人子都将呼延笼达","1","1","2"
"城子都将胡人王敕","1","1","2"
"山阳郡开国公尉元","1","1","2"
"镇东将军孔伯恭率","1","1","2"
"都督青齐东徐州诸","1","1","2"
"督青齐东徐州诸军","1","1","2"
"青齐东徐州诸军事","1","1","2"
"世祖舅阳平王杜超","2","0","2"
"称范阳卢玄等四十","1","1","2"
"范阳卢玄等四十二","1","1","2"
"阳卢玄等四十二人","1","1","2"
"陛下上思宗庙托付","1","1","2"
"幽州刺史李崇老翁","1","1","2"
"时中书侍郎高允参","1","1","2"
"娶东徐州刺史博陵","1","1","2"
"东徐州刺史博陵崔","1","1","2"
"徐州刺史博陵崔鉴","1","1","2"
"获萧鸾辅国将军黄","1","1","2"
"萧鸾辅国将军黄瑶","1","1","2"
"豫州刺史萧懿率众","1","1","2"
"州刺史萧懿率众三","1","1","2"
"刺史萧懿率众三万","1","1","2"
"交州刺史李叔献屯","1","1","2"
"帛四千七百五十匹","1","1","2"
"进位开府仪同三司","1","1","2"
"通直散骑常侍抚慰","1","1","2"
"侍御史一人监护丧","1","1","2"
"御史一人监护丧事","1","1","2"
"都督征梁汉诸军事","1","1","2"
"萧衍辅国将军任僧","1","1","2"
"衍辅国将军任僧幼","1","1","2"
"辅国将军任僧幼等","1","1","2"
"国将军任僧幼等三","1","1","2"
"将军任僧幼等三十","1","1","2"
"萧衍巴西太守庞景","1","1","2"
"衍巴西太守庞景民","1","1","2"
"衍辅国将军乐保明","1","1","2"
"骁骑将军相文玉等","1","1","2"
"骑将军相文玉等率","1","1","2"
"豫州城民白早生杀","1","1","2"
"冠军将军齐苟仁率","1","1","2"
"齐苟仁等二十一人","1","1","2"
"苟仁等二十一人开","1","1","2"
"仁等二十一人开门","1","1","2"
"冀州仪同开府长史","1","1","2"
"游击将军赵祖悦偷","1","1","2"
"计量疆场险易安危","1","1","2"
"探测南人攻守窥觎","1","1","2"
"筹算卒乘器械征讨","1","1","2"
"大都督宗正珍孙讨","1","1","2"
"京东七州虎旅九万","1","1","2"
"雍州人王叔保等三","1","1","2"
"州人王叔保等三百","1","1","2"
"人王叔保等三百人","1","1","2"
"明太后父燕宣王庙","1","1","2"
"辅国将军任硕北等","1","1","2"
"衍冠军将军勾道侍","1","1","2"
"梁州刺史王太洪等","1","1","2"
"州刺史王太洪等十","1","1","2"
"刺史王太洪等十余","1","1","2"
"衍征虏将军杨伏锡","1","1","2"
"征虏将军杨伏锡等","1","1","2"
"都统白水诸军事杨","1","1","2"
"统白水诸军事杨兴","1","1","2"
"统军胡小虎四面攻","1","1","2"
"衍雄信将军牟兴祖","1","1","2"
"庸太守姜平洛等十","1","1","2"
"文昭皇后生宣武皇","1","1","2"
"昭皇后生宣武皇帝","1","1","2"
"罗夫人生清河文献","1","1","2"
"夫人生清河文献王","1","1","2"
"御史台令史龙文观","1","1","2"
"城王中军府长史卢","1","1","2"
"王中军府长史卢阳","1","1","2"
"中军府长史卢阳乌","1","1","2"
"儒学宾客严怀真等","1","1","2"
"南部大人刘库仁所","1","1","2"
"部大人刘库仁所盗","1","1","2"
"吴兵将军公孙表等","1","1","2"
"遣将军刘拔送马三","1","1","2"
"将军刘拔送马三千","1","1","2"
"军刘拔送马三千匹","1","1","2"
"等十三人迭典庶事","2","0","2"
"刘义隆兗州刺史竺","2","0","2"
"义隆兗州刺史竺灵","2","0","2"
"隆兗州刺史竺灵秀","2","0","2"
"都督冀青徐济四州","1","1","2"
"督冀青徐济四州诸","1","1","2"
"冀青徐济四州诸军","1","1","2"
"青徐济四州诸军事","1","1","2"
"假司空督河西七镇","1","1","2"
"司空督河西七镇诸","1","1","2"
"空督河西七镇诸军","1","1","2"
"八月一日皇太后未","1","1","2"
"月一日皇太后未亲","1","1","2"
"仪同开府谘议参军","1","1","2"
"铁弗卫辰狡猾多变","1","1","2"
"尚书仆射元目辰进","1","1","2"
"遣侍中宜都公穆观","1","1","2"
"左光禄大夫姚元标","1","1","2"
"督雍泾梁秦四州诸","1","1","2"
"雍泾梁秦四州诸军","1","1","2"
"泾梁秦四州诸军事","1","1","2"
"黄木军主韩文殊所","1","1","2"
"齐州武昌王征虏长","1","1","2"
"州武昌王征虏长史","1","1","2"
"治书侍御史李焕单","1","1","2"
"遣司空长孙道生等","1","1","2"
"都督秦梁益三州诸","1","1","2"
"督秦梁益三州诸军","1","1","2"
"秦梁益三州诸军事","1","1","2"
"时宕昌王梁弥机死","1","1","2"
"都督冀瀛二州诸军","1","1","2"
"督冀瀛二州诸军事","1","1","2"
"赠都督冀沧二州诸","1","1","2"
"冀州刺史慕容凤夜","1","1","2"
"越骑校尉唐小方等","1","1","2"
"杀雍州刺史鱼玄明","1","1","2"
"守将姜道祖退守狭","1","1","2"
"将姜道祖退守狭亭","1","1","2"
"散骑常侍刘库仁等","1","1","2"
"骑常侍刘库仁等八","1","1","2"
"常侍刘库仁等八人","1","1","2"
"侍刘库仁等八人分","1","1","2"
"张掖王秃发保周反","1","1","2"
"都督凉沙河三州诸","1","1","2"
"督凉沙河三州诸军","1","1","2"
"凉沙河三州诸军事","1","1","2"
"定州平北府中兵参","1","1","2"
"州平北府中兵参军","1","1","2"
"秦岐河梁益九州诸","1","1","2"
"岐河梁益九州诸军","1","1","2"
"河梁益九州诸军事","1","1","2"
"主食中黄门胡玄度","1","1","2"
"都督青光南青三州","1","1","2"
"督青光南青三州诸","1","1","2"
"青光南青三州诸军","1","1","2"
"光南青三州诸军事","1","1","2"
"改封阳平郡开国侯","1","1","2"
"诏安南大将军元英","1","1","2"
"改封清渊县开国侯","1","1","2"
"雍州刺史曹虎诈降","1","1","2"
"萧衍江州刺史陈伯","1","1","2"
"虎威将军刘延宗率","1","1","2"
"徐州刺史张豹子等","1","1","2"
"州刺史张豹子等十","1","1","2"
"刺史张豹子等十一","1","1","2"
"都督徐州东道诸军","1","1","2"
"督徐州东道诸军事","1","1","2"
"扬州刺史长孙稚大","1","1","2"
"州刺史长孙稚大破","1","1","2"
"高平贼帅万俟丑奴","1","1","2"
"天水人吕伯度兄弟","1","1","2"
"尚书仆射行台长孙","1","1","2"
"书仆射行台长孙稚","1","1","2"
"仆射行台长孙稚讨","1","1","2"
"萧衍军主徐玄明斩","1","1","2"
"南徐州刺史沈陵外","1","1","2"
"徐州刺史沈陵外叛","1","1","2"
"伏惟陛下先天开物","1","1","2"
"宋王刘昶南镇彭城","1","1","2"
"平原太守崔敞所讼","1","1","2"
"怀朔三镇三道诸军","1","1","2"
"朔三镇三道诸军事","1","1","2"
"盗种牧田三百四十","1","1","2"
"种牧田三百四十顷","1","1","2"
"宝夤邀害御史中尉","1","1","2"
"夤邀害御史中尉郦","1","1","2"
"邀害御史中尉郦道","1","1","2"
"害御史中尉郦道元","1","1","2"
"文成文明皇后冯氏","1","1","2"
"四时气王休杀吉凶","1","1","2"
"治中房灵宾督清河","1","1","2"
"博通经史天文术数","1","1","2"
"慕容夫人生乐安宣","1","1","2"
"容夫人生乐安宣王","1","1","2"
"尹夫人生永昌庄王","1","1","2"
"萧衍平西将军李天","1","1","2"
"衍平西将军李天赐","1","1","2"
"晋寿太守王景胤等","1","1","2"
"寿太守王景胤等拥","1","1","2"
"太守王景胤等拥众","1","1","2"
"守王景胤等拥众七","1","1","2"
"王景胤等拥众七千","1","1","2"
"获叔业伞扇鼓幕甲","1","1","2"
"叔业伞扇鼓幕甲仗","1","1","2"
"业伞扇鼓幕甲仗万","1","1","2"
"伞扇鼓幕甲仗万余","1","1","2"
"本州阳平王颐卫军","1","1","2"
"州阳平王颐卫军府","1","1","2"
"阳平王颐卫军府长","1","1","2"
"平王颐卫军府长史","1","1","2"
"上谷河内二郡太守","1","1","2"
"宣穆刘皇后生明元","1","1","2"
"穆刘皇后生明元皇","1","1","2"
"刘皇后生明元皇帝","1","1","2"
"大王夫人生阳平王","1","1","2"
"都督雍秦梁益四州","1","1","2"
"督雍秦梁益四州诸","1","1","2"
"雍秦梁益四州诸军","1","1","2"
"秦梁益四州诸军事","1","1","2"
"急就篇续注音义证","1","1","2"
"除都督雍南豳二州","1","1","2"
"都督雍南豳二州诸","1","1","2"
"督雍南豳二州诸军","1","1","2"
"雍南豳二州诸军事","1","1","2"
"治书侍御史臣郦道","1","1","2"
"书侍御史臣郦道元","1","1","2"
"永兴二年六月二十","1","1","2"
"兴二年六月二十四","1","1","2"
"二年六月二十四日","1","1","2"
"他就是如此地受到","0","2","2"
"掌管吏部和御史台","0","2","2"
"昭成帝派使臣前往","0","2","2"
"这便形成为一种制","0","2","2"
"每人赐给谷子五斛","0","2","2"
"将其姓名上报朝廷","0","2","2"
"孝文帝在方泽举行","0","2","2"
"文帝在方泽举行祭","0","2","2"
"帝在方泽举行祭祀","0","2","2"
"免征十五年的田租","0","2","2"
"征十五年的田租赋","0","2","2"
"十五年的田租赋税","0","2","2"
"被任命为征西大将","0","2","2"
"任命为征西大将军","0","2","2"
"庄帝杀死尔朱荣后","0","2","2"
"兼任给事黄门侍郎","0","2","2"
"萧衍派其豫章王萧","0","2","2"
"衍派其豫章王萧综","0","2","2"
"任命元干为使持节","0","2","2"
"年被追赠为使持节","0","2","2"
"赐给衣冠服物车旗","0","2","2"
"给衣冠服物车旗之","0","2","2"
"衣冠服物车旗之饰","0","2","2"
"萧衍的梁州刺史平","0","2","2"
"衍的梁州刺史平阳","0","2","2"
"的梁州刺史平阳县","0","2","2"
"了其徐州刺史宋黑","0","2","2"
"加授开府仪同三司","0","2","2"
"授他为通直散骑常","0","2","2"
"不久加授骠骑大将","0","2","2"
"久加授骠骑大将军","0","2","2"
"书郎公孙阿六头出","0","2","2"
"郎公孙阿六头出使","0","2","2"
"元嘉为尚书左仆射","0","2","2"
"司马德宗的齐郡太","0","2","2"
"马德宗的齐郡太守","0","2","2"
"德宗的齐郡太守王","0","2","2"
"宗的齐郡太守王懿","0","2","2"
"高阳王元雍进位太","0","2","2"
"萧宝夤为镇东将军","0","2","2"
"匿伐前来投奔怀朔","0","2","2"
"伐前来投奔怀朔镇","0","2","2"
"破落汗拔陵聚众造","0","2","2"
"落汗拔陵聚众造反","0","2","2"
"元叉为骠骑大将军","0","2","2"
"军资器械不可胜数","0","2","2"
"加授大将军尔朱荣","0","2","2"
"授大将军尔朱荣为","0","2","2"
"天柱大将军尔朱荣","0","2","2"
"广宗郡开国公尔朱","0","2","2"
"宗郡开国公尔朱天","0","2","2"
"郡开国公尔朱天光","0","2","2"
"开国公尔朱天光为","0","2","2"
"任命右卫将军贺拔","0","2","2"
"命右卫将军贺拔胜","0","2","2"
"齐文襄王为使持节","0","2","2"
"咸阳王元坦为太傅","0","2","2"
"建宁王拓跋崇率二","0","2","2"
"宁王拓跋崇率二万","0","2","2"
"王拓跋崇率二万人","0","2","2"
"母亲的记载都缺略","0","2","2"
"余留的尊严所压抑","0","2","2"
"被任命为长安镇都","0","2","2"
"任命为长安镇都大","0","2","2"
"命为长安镇都大将","0","2","2"
"家中没有多余的财","0","2","2"
"中没有多余的财产","0","2","2"
"跟随高祖向南征伐","0","2","2"
"用来充实军用物资","0","2","2"
"肃宗命令有关官员","0","2","2"
"率领步兵骑兵十万","0","2","2"
"领步兵骑兵十万人","0","2","2"
"担任开府仪同三司","0","2","2"
"因贪污被赐令自杀","0","2","2"
"后来蠕蠕侵犯边境","0","2","2"
"在云中的金陵陪葬","0","2","2"
"诸军事去讨伐他们","0","2","2"
"高祖非常高兴地说","0","2","2"
"派遣治书侍御史李","0","2","2"
"回头对左右的人说","0","2","2"
"萧宝卷派遣他的太","0","2","2"
"宝卷派遣他的太尉","0","2","2"
"卷派遣他的太尉陈","0","2","2"
"派遣他的太尉陈显","0","2","2"
"遣他的太尉陈显达","0","2","2"
"他的太尉陈显达进","0","2","2"
"的太尉陈显达进犯","0","2","2"
"为都督淮南诸军事","0","2","2"
"加授他为散骑常侍","0","2","2"
"萧衍的将领张嚣之","0","2","2"
"奇道显攻打萧衍的","0","2","2"
"道显攻打萧衍的阴","0","2","2"
"显攻打萧衍的阴山","0","2","2"
"攻打萧衍的阴山戍","0","2","2"
"没有听从他的意见","0","2","2"
"他为给事黄门侍郎","0","2","2"
"萧衍的湘州刺史杨","0","2","2"
"衍的湘州刺史杨公","0","2","2"
"的湘州刺史杨公则","0","2","2"
"湘州刺史杨公则率","0","2","2"
"等人率领步兵骑兵","0","2","2"
"淹死的有四千多人","0","2","2"
"授任他为员外散骑","0","2","2"
"他为员外散骑常侍","0","2","2"
"率领步兵骑兵三万","0","2","2"
"领步兵骑兵三万人","0","2","2"
"听说元英将要到来","0","2","2"
"韶令元英为使持节","0","2","2"
"萧衍的中军大将军","0","2","2"
"占据城池向南叛变","0","2","2"
"派遣他的冠军将军","0","2","2"
"徐州刺史元法僧占","0","2","2"
"州刺史元法僧占据","0","2","2"
"豫章王萧综镇守徐","0","2","2"
"章王萧综镇守徐州","0","2","2"
"被任命为车骑大将","0","2","2"
"升任通直散骑常侍","0","2","2"
"率领并州肆州的军","0","2","2"
"领并州肆州的军队","0","2","2"
"追赠他为平束将军","0","2","2"
"担任通直散骑常侍","0","2","2"
"担任员外散骑侍郎","0","2","2"
"被幽州大都督侯渊","0","2","2"
"很快又加授散骑常","0","2","2"
"快又加授散骑常侍","0","2","2"
"升任他为车骑将军","0","2","2"
"朝廷赐给他帛五百","0","2","2"
"廷赐给他帛五百匹","0","2","2"
"清河王元怿任司空","0","2","2"
"文皇帝有七个儿子","0","2","2"
"荣阳人郑懿的女儿","0","2","2"
"世宗亲自处理政事","0","2","2"
"授任通直散骑常侍","0","2","2"
"元实改封为平昌王","0","2","2"
"任命他为车骑将军","0","2","2"
"担任金紫光禄大夫","0","2","2"
"是自古以来通行的","0","2","2"
"时萧衍派遣将领侵","0","2","2"
"被任命为光禄大夫","0","2","2"
"元详的母亲高太妃","0","2","2"
"等到皇帝向南征伐","0","2","2"
"以家人身份写信给","0","2","2"
"家人身份写信给元","0","2","2"
"人身份写信给元勰","0","2","2"
"身份写信给元勰说","0","2","2"
"增加食邑一千五百","0","2","2"
"加食邑一千五百户","0","2","2"
"接连上奏疏执意推","0","2","2"
"连上奏疏执意推让","0","2","2"
"豫州刺史裴叔业献","0","2","2"
"州刺史裴叔业献出","0","2","2"
"刺史裴叔业献出寿","0","2","2"
"元勰和高阳王元雍","0","2","2"
"衍派遣将领侵犯边","0","2","2"
"送别死者侍奉生者","0","2","2"
"所以他的子孙就以","0","2","2"
"平阳王长孙翰等人","0","2","2"
"派左仆射安原等人","0","2","2"
"左仆射安原等人前","0","2","2"
"仆射安原等人前往","0","2","2"
"射安原等人前往征","0","2","2"
"安原等人前往征伐","0","2","2"
"督率十五员大将出","0","2","2"
"次被阿伏至罗打败","0","2","2"
"次向朝廷上书请求","0","2","2"
"侍中安丰王元延明","0","2","2"
"给事黄门侍郎卢同","0","2","2"
"尚书左丞元孚兼任","0","2","2"
"就是由于这个缘故","0","2","2"
"北一百多里的地方","0","2","2"
"亲自统率六军从中","0","2","2"
"自统率六军从中路","0","2","2"
"江阳王元继为都督","0","2","2"
"是神元皇帝的后代","0","2","2"
"派遣将领讨伐平定","0","2","2"
"皇帝听从了他的意","0","2","2"
"帝听从了他的意见","0","2","2"
"不久因母亲去世回","0","2","2"
"北府主簿河间人邢","0","2","2"
"天穆和齐献武王讨","0","2","2"
"穆和齐献武王讨伐","0","2","2"
"被任命为内都大官","0","2","2"
"慕容垂派遣他的太","0","2","2"
"容垂派遣他的太子","0","2","2"
"垂派遣他的太子慕","0","2","2"
"派遣他的太子慕容","0","2","2"
"被追赠为龙骧将军","0","2","2"
"多次升任散骑常侍","0","2","2"
"使者向常山王元遵","0","2","2"
"者向常山王元遵请","0","2","2"
"向常山王元遵请求","0","2","2"
"常山王元遵请求援","0","2","2"
"山王元遵请求援兵","0","2","2"
"年轻时为中书学生","0","2","2"
"慕容白曜平定三齐","0","2","2"
"在慕容垂手下做官","0","2","2"
"卫王元仪镇守中山","0","2","2"
"世祖非常哀伤惋惜","0","2","2"
"显祖因他是功臣的","0","2","2"
"任命他为尚书左丞","0","2","2"
"后来继承父亲的爵","0","2","2"
"来继承父亲的爵位","0","2","2"
"改任通直散骑常侍","0","2","2"
"流民编为当地民户","0","2","2"
"忠实厚道廉洁谨慎","0","2","2"
"这不是我所知道的","0","2","2"
"慕容垂消灭慕容永","0","2","2"
"将领刘裕征伐姚泓","0","2","2"
"披头散发如牦牛的","0","2","2"
"世祖听从了他的意","0","2","2"
"自然界的变化规律","0","2","2"
"被授任为殿中尚书","0","2","2"
"宗采纳了他的意见","0","2","2"
"显祖打算把皇位传","0","2","2"
"祖打算把皇位传给","0","2","2"
"打算把皇位传给京","0","2","2"
"算把皇位传给京兆","0","2","2"
"把皇位传给京兆王","0","2","2"
"屯驻在大沙漠之南","0","2","2"
"王杨绍先的叔父杨","0","2","2"
"杨绍先的叔父杨集","0","2","2"
"绍先的叔父杨集起","0","2","2"
"皇帝令源子恭持节","0","2","2"
"帝令源子恭持节为","0","2","2"
"年轻时擅长骑马射","0","2","2"
"轻时擅长骑马射箭","0","2","2"
"依照安城王叔孙俊","0","2","2"
"照安城王叔孙俊的","0","2","2"
"司马德宗的平西将","0","2","2"
"马德宗的平西将军","0","2","2"
"司马休之的儿子司","0","2","2"
"马休之的儿子司马","0","2","2"
"休之的儿子司马文","0","2","2"
"世祖任司马文思为","0","2","2"
"司马楚之在长社打","0","2","2"
"马楚之在长社打败","0","2","2"
"李元德以及东郡太","0","2","2"
"元德以及东郡太守","0","2","2"
"德以及东郡太守申","0","2","2"
"以及东郡太守申谟","0","2","2"
"镇北将军封沓逃入","0","2","2"
"衍派遣他的豫章王","0","2","2"
"派遣他的豫章王萧","0","2","2"
"遣他的豫章王萧综","0","2","2"
"任梁州骠骑府长史","0","2","2"
"加授通直散骑常侍","0","2","2"
"在梁城打败萧衍的","0","2","2"
"李熙本家族的孙子","0","2","2"
"祖采纳了他的意见","0","2","2"
"东宫迎接肃宗即位","0","2","2"
"宗准许了他的请求","0","2","2"
"一万多人在城南抗","0","2","2"
"万多人在城南抗拒","0","2","2"
"沮渠万年率领部下","0","2","2"
"又有人告发沮渠牧","0","2","2"
"有人告发沮渠牧犍","0","2","2"
"刘渊同族兄弟之子","0","2","2"
"渊同族兄弟之子刘","0","2","2"
"同族兄弟之子刘曜","0","2","2"
"石虎让他的太子石","0","2","2"
"的儿子长乐公苻丕","0","2","2"
"又派使者前来朝贡","0","2","2"
"朝廷内外都畏惧他","0","2","2"
"殷仲堪派龙骧将军","0","2","2"
"豫州刺史司马尚之","0","2","2"
"司马德宗的彭城内","0","2","2"
"马德宗的彭城内史","0","2","2"
"德宗的彭城内史刘","0","2","2"
"宗的彭城内史刘裕","0","2","2"
"乐平王拓跋丕等人","0","2","2"
"被任命为辅国将军","0","2","2"
"萧衍又派他的部将","0","2","2"
"元英在樊城打败萧","0","2","2"
"英在樊城打败萧衍","0","2","2"
"将军蔡灵恩等十多","0","2","2"
"义州刺史张宗之派","0","2","2"
"前来请求归附朝廷","0","2","2"
"皇帝令尚书邢峦率","0","2","2"
"的辅国将军范始男","0","2","2"
"萧衍的徐州刺史王","0","2","2"
"衍的徐州刺史王伯","0","2","2"
"的徐州刺史王伯敖","0","2","2"
"将军元恒攻克固城","0","2","2"
"徐州刺史昌义之等","0","2","2"
"州刺史昌义之等人","0","2","2"
"迁陵县开国子彭瓮","0","2","2"
"当阳县开国伯徐元","0","2","2"
"李元履放弃黄岘逃","0","2","2"
"元履放弃黄岘逃走","0","2","2"
"了萧衍的辅国将军","0","2","2"
"兼郯城戍副将张天","0","2","2"
"郯城戍副将张天惠","0","2","2"
"城戍副将张天惠率","0","2","2"
"张天惠与王万寿等","0","2","2"
"派琅笽戍主傅文骥","0","2","2"
"他的首级传送到京","0","2","2"
"他的北梁州长史锡","0","2","2"
"的北梁州长史锡休","0","2","2"
"梁州刺史傅竖眼派","0","2","2"
"萧衍的益州刺史萧","0","2","2"
"衍的益州刺史萧渊","0","2","2"
"的益州刺史萧渊猷","0","2","2"
"益州刺史萧渊猷派","0","2","2"
"青州刺史茹怀朗派","0","2","2"
"他的邺王元树和谯","0","2","2"
"的邺王元树和谯州","0","2","2"
"邺王元树和谯州刺","0","2","2"
"王元树和谯州刺史","0","2","2"
"元树和谯州刺史朱","0","2","2"
"树和谯州刺史朱文","0","2","2"
"和谯州刺史朱文开","0","2","2"
"萧衍的司州刺史陈","0","2","2"
"衍的司州刺史陈庆","0","2","2"
"的司州刺史陈庆之","0","2","2"
"豫州刺史尧雄攻打","0","2","2"
"帝准许了他的请求","0","2","2"
"派遣他哥哥的儿子","0","2","2"
"马德宗派遣使者来","0","2","2"
"听说刘牢之的军队","0","2","2"
"凉州各军讨伐吐谷","0","2","2"
"州各军讨伐吐谷浑","0","2","2"
"各军讨伐吐谷浑慕","0","2","2"
"军讨伐吐谷浑慕利","0","2","2"
"萧衍派遣将领围困","0","2","2"
"和咸阳王元禧等人","0","2","2"
"肃宗在西林园朝见","0","2","2"
"起身拉着肃宗的手","0","2","2"
"等人率领二万人马","0","2","2"
"斩杀萧衍辅国将军","0","2","2"
"萧赜派其散骑常侍","0","2","2"
"赠他为骠骑大将军","0","2","2"
"除任他为散骑常侍","0","2","2"
"帝诏尔朱天光以本","0","2","2"
"诏尔朱天光以本官","0","2","2"
"尔朱天光派贺拔岳","0","2","2"
"尔朱天光与贺拔岳","0","2","2"
"尔朱荣堂弟尔朱世","0","2","2"
"朱荣堂弟尔朱世隆","0","2","2"
"荣引荐他为都督府","0","2","2"
"加授他为仪同三司","0","2","2"
"除授他为龙骧将军","0","2","2"
"始祖神元皇帝拓跋","0","2","2"
"祖神元皇帝拓跋力","0","2","2"
"神元皇帝拓跋力微","0","2","2"
"将女儿嫁给他为妻","0","2","2"
"他是平文帝拓跋郁","0","2","2"
"是平文帝拓跋郁律","0","2","2"
"平文帝拓跋郁律的","0","2","2"
"昭成帝拓跋什翼犍","0","2","2"
"昭成帝派燕凤出使","0","2","2"
"成帝派燕凤出使前","0","2","2"
"帝派燕凤出使前秦","0","2","2"
"显祖献文皇帝拓跋","0","2","2"
"祖献文皇帝拓跋弘","0","2","2"
"高丽国派遣使者来","0","2","2"
"丽国派遣使者来朝","0","2","2"
"许赤虎出使到刘昱","0","2","2"
"赤虎出使到刘昱处","0","2","2"
"等国都派使者来朝","0","2","2"
"国都派使者来朝贡","0","2","2"
"国各派使者来朝贡","0","2","2"
"个州镇发生大饥荒","0","2","2"
"龟兹国派来使者朝","0","2","2"
"兹国派来使者朝贡","0","2","2"
"国同派来使者朝贡","0","2","2"
"等国派使者来朝贡","0","2","2"
"诸国各派来使者朝","0","2","2"
"契丹国各派来使者","0","2","2"
"丹国各派来使者朝","0","2","2"
"任命安定王拓跋休","0","2","2"
"命安定王拓跋休为","0","2","2"
"对京师部分地区实","0","2","2"
"京师部分地区实行","0","2","2"
"师部分地区实行赦","0","2","2"
"部分地区实行赦免","0","2","2"
"下诏派员外散骑常","0","2","2"
"诏派员外散骑常侍","0","2","2"
"东阳王拓跋丕为太","0","2","2"
"的人不同数量的粮","0","2","2"
"人不同数量的粮食","0","2","2"
"不同数量的粮食布","0","2","2"
"萧赜派来使者朝贡","0","2","2"
"员外郎兰英出使于","0","2","2"
"外郎兰英出使于萧","0","2","2"
"郎兰英出使于萧赜","0","2","2"
"兰英出使于萧赜处","0","2","2"
"派员外散骑常侍李","0","2","2"
"宕昌国派使者朝贡","0","2","2"
"国派遣使臣入朝进","0","2","2"
"派遣使臣入朝进贡","0","2","2"
"两国派使臣入朝进","0","2","2"
"勿吉国派使臣入朝","0","2","2"
"吉国派使臣入朝进","0","2","2"
"丽国派使臣入朝聘","0","2","2"
"职员外散骑常侍邢","0","2","2"
"昌国派使臣入朝觐","0","2","2"
"孝文帝再次祭拜永","0","2","2"
"文帝再次祭拜永固","0","2","2"
"帝再次祭拜永固陵","0","2","2"
"旧有的典章制度及","0","2","2"
"两国派使臣入朝觐","0","2","2"
"武兴王杨集始入朝","0","2","2"
"兴王杨集始入朝觐","0","2","2"
"王杨集始入朝觐见","0","2","2"
"邓至国派使臣入朝","0","2","2"
"至国派使臣入朝觐","0","2","2"
"年纪在七十岁以上","0","2","2"
"纪在八十岁以上的","0","2","2"
"将其名单上报朝廷","0","2","2"
"孤老及身患疾病者","0","2","2"
"太牢的隆重礼仪祭","0","2","2"
"牢的隆重礼仪祭祀","0","2","2"
"生活上不能自立的","0","2","2"
"授予名誉郡守的官","0","2","2"
"予名誉郡守的官衔","0","2","2"
"孝文帝在光极堂召","0","2","2"
"文帝在光极堂召见","0","2","2"
"派专使用太牢之礼","0","2","2"
"专使用太牢之礼祭","0","2","2"
"使用太牢之礼祭祀","0","2","2"
"郡太守的名誉职位","0","2","2"
"县县令的名誉职位","0","2","2"
"举行盛大的阅兵式","0","2","2"
"元继为都督北讨诸","0","2","2"
"继为都督北讨诸军","0","2","2"
"为都督北讨诸军事","0","2","2"
"韶令南平公长孙嵩","0","2","2"
"率领步兵骑兵一万","0","2","2"
"领步兵骑兵一万人","0","2","2"
"皇帝从北伐前线返","0","2","2"
"帝从北伐前线返回","0","2","2"
"等人率领三千人马","0","2","2"
"人率领三千人马镇","0","2","2"
"率领三千人马镇守","0","2","2"
"等人讨伐平定了他","0","2","2"
"魁首缯帛多少不等","0","2","2"
"攻打吐京叛变的胡","0","2","2"
"打吐京叛变的胡人","0","2","2"
"姚兴派遣使者入朝","0","2","2"
"兴派遣使者入朝贡","0","2","2"
"马德宗派遣使者前","0","2","2"
"德宗派遣使者前来","0","2","2"
"率领精锐的骑兵二","0","2","2"
"派遣使者请求投降","0","2","2"
"免除所经过地区一","0","2","2"
"分派使者巡视州郡","0","2","2"
"义符的束郡太守王","0","2","2"
"符的束郡太守王景","0","2","2"
"的束郡太守王景度","0","2","2"
"束郡太守王景度放","0","2","2"
"郡太守王景度放弃","0","2","2"
"于是向东进入青州","0","2","2"
"率领部众前来投降","0","2","2"
"南将军杨大眼讨伐","0","2","2"
"吐谷浑派使者前来","0","2","2"
"谷浑派使者前来朝","0","2","2"
"勿吉国派使者朝贡","0","2","2"
"宕昌等国派使者前","0","2","2"
"昌等国派使者前来","0","2","2"
"邓至国派使者前来","0","2","2"
"至国派使者前来朝","0","2","2"
"岁以上的赐给小郡","0","2","2"
"以上的赐给小郡板","0","2","2"
"吐谷浑国派使者朝","0","2","2"
"宕昌国派使者前来","0","2","2"
"光元年春季正月初","0","2","2"
"高昌国派使者朝贡","0","2","2"
"库莫奚国派使者前","0","2","2"
"莫奚国派使者前来","0","2","2"
"奚国派使者前来朝","0","2","2"
"州刺史魏子建派将","0","2","2"
"刺史魏子建派将领","0","2","2"
"下诏命尚书左仆射","0","2","2"
"库莫奚等国都派使","0","2","2"
"莫奚等国都派使者","0","2","2"
"奚等国都派使者前","0","2","2"
"叠伏罗国派使者前","0","2","2"
"帝诏都督李叔仁讨","0","2","2"
"诏都督李叔仁讨伐","0","2","2"
"又任命长孙嵩为南","0","2","2"
"任命长孙嵩为南部","0","2","2"
"命长孙嵩为南部大","0","2","2"
"长孙嵩为南部大人","0","2","2"
"刘显从善无向南逃","0","2","2"
"显从善无向南逃到","0","2","2"
"从善无向南逃到马","0","2","2"
"善无向南逃到马邑","0","2","2"
"这时北部大人叔孙","0","2","2"
"时北部大人叔孙普","0","2","2"
"向慕容垂征调军队","0","2","2"
"儿子贺膦率领部众","0","2","2"
"颁赏将士多少不等","0","2","2"
"慕容垂派遣儿子贺","0","2","2"
"卫辰派遣儿子直力","0","2","2"
"辰派遣儿子直力千","0","2","2"
"秦王元觚出使慕容","0","2","2"
"王元觚出使慕容垂","0","2","2"
"随从的臣属多少不","0","2","2"
"从的臣属多少不等","0","2","2"
"慕容宝的上谷太守","0","2","2"
"容宝的上谷太守慕","0","2","2"
"宝的上谷太守慕容","0","2","2"
"皇帝亲自统领六军","0","2","2"
"五万骑兵充当前锋","0","2","2"
"慕容实的冀州刺史","0","2","2"
"贺兰部头领附力眷","0","2","2"
"纥突邻部头领匿物","0","2","2"
"突邻部头领匿物尼","0","2","2"
"纥奚部头领叱奴根","0","2","2"
"商纣王在甲子日灭","0","2","2"
"纣王在甲子日灭亡","0","2","2"
"赏赐将士多少不等","0","2","2"
"派遣使者巡视郡国","0","2","2"
"司马德宗的将领辛","0","2","2"
"马德宗的将领辛恭","0","2","2"
"德宗的将领辛恭靖","0","2","2"
"宗的将领辛恭靖请","0","2","2"
"的将领辛恭靖请求","0","2","2"
"将领辛恭靖请求救","0","2","2"
"领辛恭靖请求救援","0","2","2"
"穆崇率领六千骑兵","0","2","2"
"崇率领六千骑兵赶","0","2","2"
"大量挑选车辆兵士","0","2","2"
"各遣使者入朝献纳","0","2","2"
"等十多个国家各派","0","2","2"
"十多个国家各派使","0","2","2"
"多个国家各派使者","0","2","2"
"各派遣使者入朝献","0","2","2"
"我继承宏大的基业","0","2","2"
"西将军皮豹子等人","0","2","2"
"统领黄河以西各军","0","2","2"
"黄河以西背叛的胡","0","2","2"
"河以西背叛的胡人","0","2","2"
"皇帝车驾谒拜长陵","0","2","2"
"豫州刺史田益宗在","0","2","2"
"二年春季正月初一","0","2","2"
"世宗开始亲自处理","0","2","2"
"杀了他的龙骧将军","0","2","2"
"败萧衍的将领马仙","0","2","2"
"事夏侯道迁以汉中","0","2","2"
"萧衍的辅国将军范","0","2","2"
"王足又派统军卢祖","0","2","2"
"足又派统军卢祖迁","0","2","2"
"又派统军卢祖迁等","0","2","2"
"派统军卢祖迁等人","0","2","2"
"统军卢祖迁等人打","0","2","2"
"军卢祖迁等人打败","0","2","2"
"败萧衍的徐州刺史","0","2","2"
"世宗下诏命尚书邢","0","2","2"
"宗下诏命尚书邢峦","0","2","2"
"山打败萧衍的将领","0","2","2"
"于阗等国都派使者","0","2","2"
"阗等国都派使者前","0","2","2"
"元年春季正月二十","0","2","2"
"高丽国派使者朝拜","0","2","2"
"丽国派使者朝拜纳","0","2","2"
"高车国派使者前来","0","2","2"
"车国派使者前来朝","0","2","2"
"库莫奚等国派使者","0","2","2"
"莫奚等国派使者前","0","2","2"
"奚等国派使者前来","0","2","2"
"乾达等国派使者前","0","2","2"
"达等国派使者前来","0","2","2"
"契丹国都派使者前","0","2","2"
"丹国都派使者前来","0","2","2"
"年春季正月十三日","0","2","2"
"各国都派使者前来","0","2","2"
"率领骑步兵十万人","0","2","2"
"高祖对彭城王元勰","0","2","2"
"祖对彭城王元勰说","0","2","2"
"济阴王拓跋小新成","0","2","2"
"的司州刺史常珍奇","0","2","2"
"兖州刺史毕众敬派","0","2","2"
"年春季正月十一日","0","2","2"
"祖下诏命平东将军","0","2","2"
"将军慕容白曜督领","0","2","2"
"被任命为中书侍郎","0","2","2"
"占据城池向南方叛","0","2","2"
"据城池向南方叛变","0","2","2"
"齐献武王为大丞相","0","2","2"
"任命为通直散骑侍","0","2","2"
"命为通直散骑侍郎","0","2","2"
"齐献武王执意推让","0","2","2"
"蠕蠕国派遣使者入","0","2","2"
"蠕国派遣使者入朝","0","2","2"
"因事获罪被赐令自","0","2","2"
"事获罪被赐令自杀","0","2","2"
"任命齐献武王为相","0","2","2"
"命齐献武王为相国","0","2","2"
"内外百官普升一级","0","2","2"
"大都督贺拔仁攻打","0","2","2"
"齐献武王前来朝见","0","2","2"
"勿吉国都派遣使者","0","2","2"
"吉国都派遣使者入","0","2","2"
"任命司徒高隆之为","0","2","2"
"皇帝在漳水边祭祀","0","2","2"
"帝在漳水边祭祀路","0","2","2"
"在漳水边祭祀路神","0","2","2"
"任命尚书左仆射慕","0","2","2"
"命尚书左仆射慕容","0","2","2"
"左仆射慕容绍宗为","0","2","2"
"萧衍弟弟的儿子北","0","2","2"
"二年春季正月二十","0","2","2"
"奚斤率领义兵将军","0","2","2"
"斤率领义兵将军封","0","2","2"
"率领义兵将军封礼","0","2","2"
"率领洛州刺史于栗","0","2","2"
"赫连昌的弟弟助兴","0","2","2"
"世祖车驾回到宫中","0","2","2"
"世祖下诏命员外散","0","2","2"
"祖下诏命员外散骑","0","2","2"
"娥清率领五千骑兵","0","2","2"
"拥立赫连昌的弟弟","0","2","2"
"立赫连昌的弟弟赫","0","2","2"
"昌的弟弟赫连定为","0","2","2"
"世祖下诏命安西将","0","2","2"
"祖下诏命安西将军","0","2","2"
"义隆的将领檀道济","0","2","2"
"司马楚之平定滑台","0","2","2"
"世祖下诏命散骑侍","0","2","2"
"祖下诏命散骑侍郎","0","2","2"
"世祖下诏命散骑常","0","2","2"
"祖下诏命散骑常侍","0","2","2"
"献上驯好的象一头","0","2","2"
"世祖下诏命兼散骑","0","2","2"
"祖下诏命兼散骑常","0","2","2"
"在西河讨伐山胡白","0","2","2"
"西河讨伐山胡白龙","0","2","2"
"年春季正月十四日","0","2","2"
"诸国各派使者前来","0","2","2"
"等人出使刘义隆政","0","2","2"
"人出使刘义隆政权","0","2","2"
"三年春季正月初七","0","2","2"
"弟弟董来率领一万","0","2","2"
"弟董来率领一万多","0","2","2"
"董来率领一万多人","0","2","2"
"来率领一万多人在","0","2","2"
"率领一万多人在城","0","2","2"
"领一万多人在城南","0","2","2"
"与琅笽王司马楚之","0","2","2"
"世祖巡视阴山以北","0","2","2"
"千多家迁到黄河以","0","2","2"
"多家迁到黄河以北","0","2","2"
"刘义隆的白水太守","0","2","2"
"房恩安之弟房幼安","0","2","2"
"恩安之弟房幼安为","0","2","2"
"安之弟房幼安为高","0","2","2"
"之弟房幼安为高密","0","2","2"
"弟房幼安为高密太","0","2","2"
"房幼安为高密太守","0","2","2"
"以安抚他们初来归","0","2","2"
"安抚他们初来归附","0","2","2"
"抚他们初来归附之","0","2","2"
"他们初来归附之心","0","2","2"
"高宗看后对群臣说","0","2","2"
"这乃是远世的镜鉴","0","2","2"
"治安秩序大为好转","0","2","2"
"你们以为怎么样?","0","2","2"
"专门处理宫内事务","0","2","2"
"后来尊崇为皇太后","0","2","2"
"公主以下随从的有","0","2","2"
"高祖最终革除这个","0","2","2"
"祖最终革除这个错","0","2","2"
"最终革除这个错误","0","2","2"
"冯熙有子女数十人","0","2","2"
"说明日月辰宿交会","0","2","2"
"月辰宿交会相生为","0","2","2"
"辰宿交会相生为表","0","2","2"
"宿交会相生为表里","0","2","2"
"慕容白曜平定东阳","0","2","2"
"当时人无不为他叹","0","2","2"
"时人无不为他叹惜","0","2","2"
"到祭祀拜献的时候","0","2","2"
"总是不能不想归葬","0","2","2"
"是不能不想归葬双","0","2","2"
"不能不想归葬双亲","0","2","2"
"能不想归葬双亲的","0","2","2"
"不想归葬双亲的事","0","2","2"
"哀伤悲痛过于礼仪","0","2","2"
"伤悲痛过于礼仪规","0","2","2"
"悲痛过于礼仪规定","0","2","2"
"年轻时以强壮勇敢","0","2","2"
"轻时以强壮勇敢闻","0","2","2"
"时以强壮勇敢闻名","0","2","2"
"打败他们是必然的","0","2","2"
"各军驻守在沙漠南","0","2","2"
"年轻时善于射箭骑","0","2","2"
"轻时善于射箭骑马","0","2","2"
"崔道固之子崔景业","0","2","2"
"到南朝而连坐获罪","0","2","2"
"追赠他为平远将军","0","2","2"
"迁任员外散骑侍郎","0","2","2"
"吕罗汉率领骑步兵","0","2","2"
"房崇吉的母亲和妻","0","2","2"
"崇吉的母亲和妻子","0","2","2"
"世祖的舅舅阳平王","0","2","2"
"祖的舅舅阳平王杜","0","2","2"
"的舅舅阳平王杜超","0","2","2"
"有什么可忧虑的呢","0","2","2"
"立即赐给绵帛五百","0","2","2"
"即赐给绵帛五百匹","0","2","2"
"拜高允长子高忱为","0","2","2"
"高允长子高忱为绥","0","2","2"
"允长子高忱为绥远","0","2","2"
"长子高忱为绥远将","0","2","2"
"子高忱为绥远将军","0","2","2"
"朝中之官往往来来","0","2","2"
"中之官往往来来给","0","2","2"
"之官往往来来给予","0","2","2"
"官往往来来给予慰","0","2","2"
"往往来来给予慰问","0","2","2"
"后来统领黄河以西","0","2","2"
"等到文明太后逝世","0","2","2"
"后来皇帝车驾南征","0","2","2"
"引马骑卒传呼开道","0","2","2"
"高祖派舍人回答说","0","2","2"
"朝廷拜他为中书博","0","2","2"
"廷拜他为中书博士","0","2","2"
"萧衍派他的冠军将","0","2","2"
"衍派他的冠军将军","0","2","2"
"个可以图谋的理由","0","2","2"
"封他为平舒县开国","0","2","2"
"他为平舒县开国伯","0","2","2"
"犒赏他宿豫城立下","0","2","2"
"赏他宿豫城立下的","0","2","2"
"他宿豫城立下的战","0","2","2"
"宿豫城立下的战功","0","2","2"
"帝下诏赐帛四百匹","0","2","2"
"兼尚书右仆射为行","0","2","2"
"尚书右仆射为行台","0","2","2"
"廷拜授他为中书博","0","2","2"
"任彭城王中军府长","0","2","2"
"囚禁元惮在门下省","0","2","2"
"治理国家统御民众","0","2","2"
"时常参与军队国家","0","2","2"
"常参与军队国家大","0","2","2"
"擒获他的妻子儿女","0","2","2"
"山攻打蠕蠕的别部","0","2","2"
"太祖在参合陂打败","0","2","2"
"祖在参合陂打败慕","0","2","2"
"参合陂打败慕容宝","0","2","2"
"奚斤世代忠诚孝顺","0","2","2"
"出任冀青二州刺史","0","2","2"
"加授员外散骑常侍","0","2","2"
"刘义隆的兖州刺史","0","2","2"
"义隆的兖州刺史竺","0","2","2"
"隆的兖州刺史竺灵","0","2","2"
"的兖州刺史竺灵秀","0","2","2"
"等人在左右纠正过","0","2","2"
"人在左右纠正过失","0","2","2"
"刘义隆派遣将领到","0","2","2"
"义隆派遣将领到彦","0","2","2"
"隆派遣将领到彦之","0","2","2"
"功劳加授散骑常侍","0","2","2"
"元禧憎恨于烈刚强","0","2","2"
"禧憎恨于烈刚强正","0","2","2"
"憎恨于烈刚强正直","0","2","2"
"于是谋划把他派到","0","2","2"
"是谋划把他派到外","0","2","2"
"谋划把他派到外地","0","2","2"
"划把他派到外地去","0","2","2"
"把他派到外地去做","0","2","2"
"他派到外地去做官","0","2","2"
"便任命他为使持节","0","2","2"
"被迫赠为征南将军","0","2","2"
"后来任命他为代王","0","2","2"
"来任命他为代王左","0","2","2"
"任命他为代王左长","0","2","2"
"命他为代王左长史","0","2","2"
"年轻时有文学才能","0","2","2"
"佛嵩于是日夜赶路","0","2","2"
"鼓励督促耕田种桑","0","2","2"
"服丧时以孝道闻名","0","2","2"
"派遣使者前来朝见","0","2","2"
"慕容垂任命玄伯为","0","2","2"
"容垂任命玄伯为吏","0","2","2"
"垂任命玄伯为吏部","0","2","2"
"任命玄伯为吏部郎","0","2","2"
"安抚慰问新归附的","0","2","2"
"抚慰问新归附的人","0","2","2"
"人率领军队讨伐他","0","2","2"
"安城王叔孙俊的旧","0","2","2"
"城王叔孙俊的旧例","0","2","2"
"当时人没有谁比得","0","2","2"
"时人没有谁比得上","0","2","2"
"崔浩等人辅佐政事","0","2","2"
"担任司徒谘议参军","0","2","2"
"追赠他为安束将军","0","2","2"
"以皇上的名义招抚","0","2","2"
"时因擅长骑马射箭","0","2","2"
"因擅长骑马射箭任","0","2","2"
"与雍州刺史刘邈讨","0","2","2"
"雍州刺史刘邈讨伐","0","2","2"
"搜索山林全力讨伐","0","2","2"
"被任命为左军将军","0","2","2"
"被任命为安西将军","0","2","2"
"有老练成熟的辛勤","0","2","2"
"轻时有父亲的风采","0","2","2"
"的别部头领阿伏干","0","2","2"
"年轻时因父亲的功","0","2","2"
"被任命为前军将军","0","2","2"
"最初担任司空参军","0","2","2"
"世祖连接断绝的世","0","2","2"
"祖连接断绝的世序","0","2","2"
"大将军高肇征伐蜀","0","2","2"
"将军高肇征伐蜀地","0","2","2"
"元叉和他的弟弟元","0","2","2"
"叉和他的弟弟元爪","0","2","2"
"宣扬皇威布施帝德","0","2","2"
"喜好法典则国家定","0","2","2"
"好法典则国家定会","0","2","2"
"在离城九里的郊郭","0","2","2"
"在离城六里的郊郭","0","2","2"
