"N-gram","北史","北史翻译","Total"
"左翊卫大将军宇文","8","8","16"
"翊卫大将军宇文述","8","8","16"
"上开府仪同大将军","4","4","8"
"沃野镇人破六韩拔","3","3","6"
"野镇人破六韩拔陵","3","3","6"
"贺拔岳被侯莫陈悦","0","6","6"
"封他的一个儿子为","0","6","6"
"隋文帝杨坚任北周","0","6","6"
"任命为尚书左仆射","0","6","6"
"继承了父亲的爵位","0","6","6"
"骑在马上向左右两","0","5","5"
"帝采纳了他的建议","0","5","5"
"派使者进贡地方特","0","5","5"
"使者进贡地方特产","0","5","5"
"被任命为尚书左仆","0","5","5"
"他为开府仪同三司","0","5","5"
"加授开府仪同三司","1","3","4"
"周大冢宰宇文护引","3","1","4"
"骁卫大将军屈突通","2","2","4"
"北部大人叔孙普洛","2","2","4"
"太上皇帝诏散骑常","4","0","4"
"上皇帝诏散骑常侍","4","0","4"
"东魏陕州刺史李徽","2","2","4"
"魏陕州刺史李徽伯","2","2","4"
"右武卫大将军李景","2","2","4"
"北豫州刺史高仲密","2","2","4"
"宋青州刺史沈文秀","2","2","4"
"晋公宇文护执掌朝","0","4","4"
"封为开府仪同三司","0","4","4"
"立碑歌颂他的功德","0","4","4"
"家中没有多余的钱","0","4","4"
"中没有多余的钱财","0","4","4"
"没有人能和他相比","0","4","4"
"追赠开府仪同三司","0","4","4"
"被任命为定州刺史","0","4","4"
"任命开府仪同三司","0","4","4"
"被任命为给事黄门","0","4","4"
"任命为给事黄门侍","0","4","4"
"命为给事黄门侍郎","0","4","4"
"被任命为冀州刺史","0","4","4"
"朝廷下诏加封他为","0","4","4"
"他为给事黄门侍郎","0","4","4"
"从小就有志气节操","0","4","4"
"封他为开府仪同三","0","4","4"
"行台韩长业攻陷潞","2","1","3"
"台韩长业攻陷潞州","2","1","3"
"大冢宰宇文护执政","2","1","3"
"大冢宰宇文护引中","3","0","3"
"冢宰宇文护引中外","3","0","3"
"武贲郎将司马德戡","2","1","3"
"阿瑰遣吐豆登郁久","3","0","3"
"瑰遣吐豆登郁久闾","3","0","3"
"元景式等二十五家","1","2","3"
"东魏北豫州刺史高","2","1","3"
"左候卫将军屈突通","1","2","3"
"候卫将军屈突通等","1","2","3"
"孝文追录先朝功臣","3","0","3"
"录尚书事长孙承业","1","2","3"
"盲老公背上下大斧","2","1","3"
"总大都督杜德等追","1","2","3"
"大都督杜德等追讨","1","2","3"
"侯莫陈悦害死贺拔","0","3","3"
"莫陈悦害死贺拔岳","0","3","3"
"他被封为骠骑大将","0","3","3"
"被封为骠骑大将军","0","3","3"
"公宇文护执掌朝政","0","3","3"
"能骑在马上向左右","0","3","3"
"在马上向左右两边","0","3","3"
"马上向左右两边射","0","3","3"
"上向左右两边射箭","0","3","3"
"武帝采纳了他的建","0","3","3"
"高仲密献出北豫州","0","3","3"
"加封为开府仪同三","0","3","3"
"文帝杨坚任北周丞","0","3","3"
"帝杨坚任北周丞相","0","3","3"
"以良家子弟的身份","0","3","3"
"拔岳被侯莫陈悦害","0","3","3"
"岳被侯莫陈悦害死","0","3","3"
"周孝闵帝即皇帝位","0","3","3"
"宇文泰平定侯莫陈","0","3","3"
"文泰平定侯莫陈悦","0","3","3"
"朝廷追赠他为司空","0","3","3"
"人们议论起来都很","0","3","3"
"兼任给事黄门侍郎","0","3","3"
"武卫将军皇甫无逸","0","3","3"
"以行军总管之职跟","0","3","3"
"不知道发生了什么","0","3","3"
"知道发生了什么事","0","3","3"
"文明太后临朝执政","0","3","3"
"通直散骑常侍之职","0","3","3"
"慕容垂派儿子慕容","0","3","3"
"王萧绎派使者朝贡","0","3","3"
"太上皇帝前往晋阳","0","3","3"
"帝加封宇文泰为太","0","3","3"
"加封宇文泰为太师","0","3","3"
"打败他并将他斩首","0","3","3"
"承袭了父亲的爵位","0","3","3"
"灵太后临朝听政时","0","3","3"
"吏部尚书李神亻隽","0","3","3"
"被任命为度支尚书","0","3","3"
"承袭了父亲的封爵","0","3","3"
"因父亲去世而离职","0","3","3"
"文明皇后临朝听政","0","3","3"
"他继承了父亲的爵","0","3","3"
"以原来的官职兼任","0","3","3"
"加封为骠骑大将军","0","3","3"
"文帝杨坚任北周的","0","3","3"
"距都城六里的郊外","0","3","3"
"文襄帝高澄任他为","0","3","3"
"在韩陵被高欢打败","0","3","3"
"下诏恢复他原来的","0","3","3"
"诏恢复他原来的官","0","3","3"
"恢复他原来的官职","0","3","3"
"尔朱兆领兵进入洛","0","3","3"
"朱兆领兵进入洛阳","0","3","3"
"文宣帝高洋即皇帝","0","3","3"
"宣帝高洋即皇帝位","0","3","3"
"朝廷追赠他为假黄","0","3","3"
"廷追赠他为假黄钺","0","3","3"
"神武帝高欢任晋州","0","3","3"
"武帝高欢任晋州刺","0","3","3"
"帝高欢任晋州刺史","0","3","3"
"在韩陵打败尔朱氏","0","3","3"
"接受东魏孝静帝的","0","3","3"
"受东魏孝静帝的禅","0","3","3"
"东魏孝静帝的禅让","0","3","3"
"因立功被授予都督","0","3","3"
"封他为骠骑大将军","0","3","3"
"东魏将莫多娄贷文","2","0","2"
"越王侗遣武贲郎将","2","0","2"
"王侗遣武贲郎将刘","2","0","2"
"侗遣武贲郎将刘长","2","0","2"
"遣武贲郎将刘长恭","2","0","2"
"东魏颍州长史贺若","1","1","2"
"魏颍州长史贺若统","1","1","2"
"隆州人开府李光易","1","1","2"
"轨破陈将吴明彻吕","2","0","2"
"破陈将吴明彻吕梁","2","0","2"
"通直散骑常侍赵彦","1","1","2"
"直散骑常侍赵彦深","1","1","2"
"幽州刺史赵拔扈等","1","1","2"
"益潼等十二州诸军","1","1","2"
"潼等十二州诸军事","1","1","2"
"秦渭等十四州诸军","1","1","2"
"渭等十四州诸军事","1","1","2"
"总管府长史晋昶等","1","1","2"
"西道行台韩长业攻","1","1","2"
"道行台韩长业攻陷","1","1","2"
"署城人郭子胜刺史","2","0","2"
"上大将军宇文威攻","1","1","2"
"上开府莒州刺史乌","1","1","2"
"开府莒州刺史乌丸","1","1","2"
"府莒州刺史乌丸尼","1","1","2"
"郧州总管司马消难","1","1","2"
"州总管司马消难举","1","1","2"
"总管司马消难举兵","1","1","2"
"管司马消难举兵反","1","1","2"
"都督三荆州诸军事","1","1","2"
"陇右十一州大都督","1","1","2"
"凉州刺史宇文仲州","2","0","2"
"随东南道行台樊子","1","1","2"
"东南道行台樊子鹄","1","1","2"
"南道行台樊子鹄追","1","1","2"
"岐等十三州诸军事","1","1","2"
"梁定州刺史李洪远","1","1","2"
"总管十七州诸军事","1","1","2"
"内史侍郎虞世基参","1","1","2"
"史侍郎虞世基参掌","1","1","2"
"侍郎虞世基参掌朝","1","1","2"
"郎虞世基参掌朝政","1","1","2"
"随冯翊公长孙承业","1","1","2"
"冯翊公长孙承业西","1","1","2"
"翊公长孙承业西征","1","1","2"
"荆州刺史源子恭镇","1","1","2"
"殿中尚书长孙绍远","1","1","2"
"司门下大夫尹公正","1","1","2"
"等十一州十五镇诸","1","1","2"
"十一州十五镇诸军","1","1","2"
"一州十五镇诸军事","1","1","2"
"帝信任司会李植等","1","1","2"
"梁州刺史杜怀宝等","1","1","2"
"大丞相府帐内都督","1","1","2"
"城阳王元徽逃难投","1","1","2"
"土豪王覆怜等阴谋","1","1","2"
"豪王覆怜等阴谋举","1","1","2"
"王覆怜等阴谋举事","1","1","2"
"太保尉景攻陷正平","1","1","2"
"贺拔岳侯莫陈悦所","2","0","2"
"拔岳侯莫陈悦所害","2","0","2"
"魏孝庄帝令司空杨","1","1","2"
"孝庄帝令司空杨津","1","1","2"
"巴州万荣郡人反叛","1","1","2"
"加开府仪同大将军","1","1","2"
"累迁开府仪同三司","2","0","2"
"遣褒公宇文述深交","1","1","2"
"褒公宇文述深交杨","1","1","2"
"公宇文述深交杨约","1","1","2"
"左卫率司马夏侯福","1","1","2"
"副将作大匠高龙叉","1","1","2"
"通直散骑侍郎判司","1","1","2"
"直散骑侍郎判司农","1","1","2"
"散骑侍郎判司农少","1","1","2"
"骑侍郎判司农少卿","1","1","2"
"侍郎判司农少卿事","1","1","2"
"郎判司农少卿事元","1","1","2"
"判司农少卿事元衡","1","1","2"
"山南道行台尚书令","1","1","2"
"大都督皇甫统上表","1","1","2"
"都督皇甫统上表请","1","1","2"
"金紫光禄大夫段达","1","1","2"
"右武卫将军皇甫逸","2","0","2"
"云定兴等十人入见","1","1","2"
"楚州行参军李君才","1","1","2"
"户部尚书斛律孝卿","1","1","2"
"遣秘书郎郑默删定","1","1","2"
"秘书郎郑默删定旧","1","1","2"
"九锡殊礼诏策笺表","1","1","2"
"锡殊礼诏策笺表玺","1","1","2"
"殊礼诏策笺表玺书","1","1","2"
"卫国县市店八十区","1","1","2"
"左将军勇猛中大夫","1","1","2"
"灵州总管贺若谊等","1","1","2"
"州总管贺若谊等发","1","1","2"
"高智慧等作乱江南","2","0","2"
"车骑将军杨思恩请","1","1","2"
"口六十四万一千五","1","1","2"
"六十四万一千五百","1","1","2"
"进位银青光禄大夫","2","0","2"
"日影一丈二尺七寸","1","1","2"
"影一丈二尺七寸二","1","1","2"
"一丈二尺七寸二分","1","1","2"
"影一丈二尺六寸三","1","1","2"
"一丈二尺六寸三分","1","1","2"
"天正十一月庚戍冬","2","0","2"
"年十一月二十日夜","1","1","2"
"河北道行台右仆射","1","1","2"
"宁州刺史赵郡公李","1","1","2"
"州刺史赵郡公李安","1","1","2"
"改授银青光禄大夫","1","1","2"
"子盖检校武威太守","1","1","2"
"遣河南赞务裴弘策","1","1","2"
"检校右御卫大将军","1","1","2"
"遣通议大夫斛斯万","1","1","2"
"通议大夫斛斯万善","1","1","2"
"遣内史舍人封德彝","1","1","2"
"内史舍人封德彝驰","1","1","2"
"宰宇文护引中外府","2","0","2"
"宇文护引中外府记","2","0","2"
"文护引中外府记室","2","0","2"
"蜀郡都尉段钟葵讨","1","1","2"
"令大理司直梁敬真","1","1","2"
"寻加开府仪同三司","2","0","2"
"右骁卫大将军护兒","2","0","2"
"武卫将军屈突通等","1","1","2"
"转告内史舍人元敏","1","1","2"
"义宁二年三月一日","1","1","2"
"遣淮安王神通安抚","1","1","2"
"淮安王神通安抚山","1","1","2"
"安王神通安抚山东","1","1","2"
"神龟元年四月七日","1","1","2"
"增国子太学生员三","2","0","2"
"国子太学生员三千","2","0","2"
"子太学生员三千人","2","0","2"
"置国子生三十六人","1","1","2"
"中书舍人卢景宣讲","1","1","2"
"知阳平馆陶赵世业","1","1","2"
"阳平馆陶赵世业家","1","1","2"
"通直散骑侍郎李业","1","1","2"
"直散骑侍郎李业兴","1","1","2"
"汉武帝元狩三年夏","1","1","2"
"三十六科鬼神感应","1","1","2"
"十六科鬼神感应等","1","1","2"
"六科鬼神感应等大","1","1","2"
"科鬼神感应等大义","1","1","2"
"吏部尚书牛弘建议","1","1","2"
"齐州录事参军萧悫","1","1","2"
"通直散骑侍郎韦道","1","1","2"
"直散骑侍郎韦道逊","1","1","2"
"省主客郎中卢思道","1","1","2"
"司空东阁祭酒崔德","1","1","2"
"空东阁祭酒崔德立","1","1","2"
"殿中侍御史郑子信","1","1","2"
"中侍御史郑子信等","1","1","2"
"太尉长史宋游道收","1","1","2"
"褒都督城西诸军事","1","1","2"
"中抚军府外兵参军","1","1","2"
"左卫大将军宇文述","1","1","2"
"帅王薄北连豆子贼","1","1","2"
"王薄北连豆子贼孙","1","1","2"
"薄北连豆子贼孙宣","1","1","2"
"北连豆子贼孙宣雅","1","1","2"
"河南道十二郡黜陟","1","1","2"
"南道十二郡黜陟讨","1","1","2"
"道十二郡黜陟讨捕","1","1","2"
"十二郡黜陟讨捕大","1","1","2"
"二郡黜陟讨捕大使","1","1","2"
"君素金紫光禄大夫","1","1","2"
"神武丞相府右长史","1","1","2"
"三公曹第六十六条","1","1","2"
"识河间王郎中孟业","1","1","2"
"平原王段孝先相府","1","1","2"
"原王段孝先相府行","1","1","2"
"王段孝先相府行参","1","1","2"
"段孝先相府行参军","1","1","2"
"冀州绎幕县人成氏","1","1","2"
"永昌王仁随太武南","1","1","2"
"昌王仁随太武南征","1","1","2"
"通直散骑常侍孙僧","1","1","2"
"直散骑常侍孙僧化","1","1","2"
"中书舍人孙子良等","1","1","2"
"中散大夫孙安都共","1","1","2"
"齐文襄引大将军府","2","0","2"
"计一百八十二日行","2","0","2"
"一百八十二日行一","2","0","2"
"百八十二日行一百","2","0","2"
"迁上开府仪同大将","1","1","2"
"分遣建州开府梁昵","1","1","2"
"遣建州开府梁昵讨","1","1","2"
"时工部尚书宇文恺","1","1","2"
"工部尚书宇文恺造","1","1","2"
"部尚书宇文恺造辽","1","1","2"
"尚书宇文恺造辽水","1","1","2"
"书宇文恺造辽水桥","1","1","2"
"屯卫大将军麦铁杖","1","1","2"
"广州都督萧勃征兵","1","1","2"
"宪油络驷马安车一","1","1","2"
"时番州总管赵讷贪","1","1","2"
"赐夫人临振县汤沐","1","1","2"
"表称辽东粪土臣元","1","1","2"
"兵部侍郎斛斯政亡","2","0","2"
"部侍郎斛斯政亡入","2","0","2"
"侍郎斛斯政亡入高","2","0","2"
"郎斛斯政亡入高丽","2","0","2"
"朝请大夫张镇州率","1","1","2"
"请大夫张镇州率兵","1","1","2"
"时宋梁州刺史甄法","1","1","2"
"宋梁州刺史甄法护","1","1","2"
"诏淮阳公皮豹子等","1","1","2"
"淮阳公皮豹子等率","1","1","2"
"东益州刺史魏子建","1","1","2"
"宋荆州刺史刘义宣","1","1","2"
"征西将军皮欢喜攻","1","1","2"
"梁白马戍主尹天保","1","1","2"
"白马戍主尹天保率","1","1","2"
"建武将军傅竖眼攻","1","1","2"
"凤州固道氐魏天王","1","1","2"
"州固道氐魏天王等","1","1","2"
"沙州氐帅开府杨永","1","1","2"
"州氐帅开府杨永安","1","1","2"
"辽东鲜卑徒河涉归","1","1","2"
"弟叱力延等八人逃","1","1","2"
"诏上党王长孙观等","1","1","2"
"员外散骑常侍张礼","1","1","2"
"秦州城人莫折念生","1","1","2"
"州城人莫折念生反","1","1","2"
"员外散骑常侍傅灵","1","1","2"
"河西总管定城王钟","1","1","2"
"西总管定城王钟利","1","1","2"
"总管定城王钟利房","1","1","2"
"平城三千七百余里","1","1","2"
"遣左仆射安原等讨","2","0","2"
"高车诸部望军降者","2","0","2"
"车诸部望军降者数","2","0","2"
"诸部望军降者数十","2","0","2"
"部望军降者数十万","2","0","2"
"细明光人马铠一具","1","1","2"
"口袴褶一具内中宛","2","0","2"
"袴褶一具内中宛具","2","0","2"
"录尚书事高阳王雍","1","1","2"
"乌勾兰树升伐等朝","1","1","2"
"相府功曹参军张徽","1","1","2"
"府功曹参军张徽纂","1","1","2"
"莫何莫缘游大力等","1","1","2"
"何莫缘游大力等朝","1","1","2"
"散骑常侍太府卿罗","1","1","2"
"骑常侍太府卿罗念","1","1","2"
"通直散骑常侍中书","1","1","2"
"直散骑常侍中书舍","1","1","2"
"散骑常侍中书舍人","1","1","2"
"骑常侍中书舍人穆","1","1","2"
"常侍中书舍人穆景","1","1","2"
"侍中书舍人穆景相","1","1","2"
"中书舍人穆景相等","1","1","2"
"遣吐豆登郁久闾譬","2","0","2"
"太常卿孟韶等送公","1","1","2"
"常卿孟韶等送公主","1","1","2"
"吐豆登郁久闾匿伏","1","1","2"
"吐豆发郁久闾汗拔","1","1","2"
"豆发郁久闾汗拔姻","1","1","2"
"发郁久闾汗拔姻姬","1","1","2"
"郁久闾汗拔姻姬等","1","1","2"
"久闾汗拔姻姬等送","1","1","2"
"闾汗拔姻姬等送女","1","1","2"
"太子庵罗辰瑰弟登","2","0","2"
"子庵罗辰瑰弟登注","2","0","2"
"庵罗辰瑰弟登注俟","2","0","2"
"余众立注次子铁伐","2","0","2"
"众立注次子铁伐主","2","0","2"
"大人阿富提等所杀","2","0","2"
"立阿瑰子庵罗辰主","2","0","2"
"率部千余家奔关中","1","1","2"
"鹿浑海西北百余里","1","1","2"
"将西北绝漠千余里","2","0","2"
"高车侄利曷莫弗敕","1","1","2"
"车侄利曷莫弗敕力","1","1","2"
"侄利曷莫弗敕力犍","1","1","2"
"利曷莫弗敕力犍率","1","1","2"
"高车解批莫弗幡豆","1","1","2"
"车解批莫弗幡豆建","1","1","2"
"荥州刺史邵国公宇","1","1","2"
"州刺史邵国公宇文","1","1","2"
"刺史邵国公宇文胄","1","1","2"
"东潼州刺史曹孝达","1","1","2"
"西南道行台兵部尚","1","1","2"
"南道行台兵部尚书","1","1","2"
"撰定圆丘五帝凯乐","1","1","2"
"右中军熊渠中大夫","1","1","2"
"瀛州刺史宇文亢召","1","1","2"
"命散骑常侍封孝琰","1","1","2"
"前乐陵太守郑元礼","1","1","2"
"通直散骑常侍杨训","1","1","2"
"通直散骑侍郎马元","1","1","2"
"直散骑侍郎马元熙","1","1","2"
"开府行参军李师上","1","1","2"
"前幽州长史陆仁惠","1","1","2"
"前通直散骑侍郎辛","1","1","2"
"通直散骑侍郎辛德","1","1","2"
"直散骑侍郎辛德源","1","1","2"
"司徒户曹参军古道","1","1","2"
"徒户曹参军古道子","1","1","2"
"太尉中兵参军刘儒","1","1","2"
"尉中兵参军刘儒行","1","1","2"
"司空中兵参军周子","1","1","2"
"空中兵参军周子深","1","1","2"
"开府行参军王友伯","1","1","2"
"镇西湘东王府中记","1","1","2"
"西湘东王府中记室","1","1","2"
"湘东王府中记室参","1","1","2"
"东王府中记室参军","1","1","2"
"员外散骑侍郎李敖","1","1","2"
"地粟袁长子匹候跋","1","1","2"
"建国三十四年七月","1","1","2"
"国三十四年七月七","1","1","2"
"三十四年七月七日","1","1","2"
"部大人叔孙普洛等","1","1","2"
"大人叔孙普洛等十","1","1","2"
"人叔孙普洛等十三","1","1","2"
"叔孙普洛等十三人","1","1","2"
"左军将军李栗等攻","1","1","2"
"高凉王乐真等七军","1","1","2"
"尚书左仆射狄伯支","1","1","2"
"兵将军山阳侯奚斤","1","1","2"
"将军山阳侯奚斤巡","1","1","2"
"诏南平公长孙嵩等","2","0","2"
"北新侯安同等持节","1","1","2"
"新侯安同等持节巡","1","1","2"
"侯安同等持节巡行","1","1","2"
"定二州诸山居杂胡","2","0","2"
"昌黎王慕容伯兒谋","2","0","2"
"黎王慕容伯兒谋反","2","0","2"
"征东将军长孙道生","1","1","2"
"西魏大将军王思政","1","1","2"
"诏改封崇圣侯孔长","1","1","2"
"尚书左仆射慕容绍","1","1","2"
"书左仆射慕容绍宗","1","1","2"
"开府仪同三司司马","1","1","2"
"府仪同三司司马子","1","1","2"
"梁湘东王萧绎遣使","2","0","2"
"湘东王萧绎遣使朝","2","0","2"
"东王萧绎遣使朝贡","2","0","2"
"太子少师侯莫陈相","1","1","2"
"南豫州刺史任约等","1","1","2"
"山东寡妇二千六百","1","1","2"
"东寡妇二千六百人","1","1","2"
"周冢宰宇文护杀闵","1","1","2"
"冢宰宇文护杀闵帝","1","1","2"
"北豫州刺史司马消","1","1","2"
"豫州刺史司马消难","1","1","2"
"畿内老人刘奴等九","1","1","2"
"内老人刘奴等九百","1","1","2"
"老人刘奴等九百四","1","1","2"
"人刘奴等九百四十","1","1","2"
"刘奴等九百四十三","1","1","2"
"奴等九百四十三人","1","1","2"
"太尉长乐郡公尉粲","1","1","2"
"肆州刺史濮阳公娄","1","1","2"
"州刺史濮阳公娄仲","1","1","2"
"刺史濮阳公娄仲远","1","1","2"
"东平公元景式等二","1","1","2"
"平公元景式等二十","1","1","2"
"公元景式等二十五","1","1","2"
"特进元韶等十九家","1","1","2"
"国子博士邢峙侍讲","1","1","2"
"尊皇太后太皇太后","2","0","2"
"尚书右仆射燕子献","1","1","2"
"开府仪同三司刘洪","1","1","2"
"府仪同三司刘洪徽","1","1","2"
"文宣命邢邵制帝名","2","0","2"
"宣命邢邵制帝名殷","2","0","2"
"命邢邵制帝名殷字","2","0","2"
"邢邵制帝名殷字正","2","0","2"
"邵制帝名殷字正道","2","0","2"
"天保七年五月五日","1","1","2"
"尚书右仆射赵彦深","1","1","2"
"太祖献武皇帝神武","2","0","2"
"京官执事散官三品","1","1","2"
"尚书左仆射赵彦深","1","1","2"
"省尚书右仆射娄定","1","1","2"
"尚书右仆射娄定远","1","1","2"
"尚书右仆射胡长仁","1","1","2"
"百济王余昌使持节","2","0","2"
"开府仪同三司唐邕","1","1","2"
"书侍御史王子宣等","1","1","2"
"尚书右仆射冯子琮","1","1","2"
"广宁王孝珩录尚书","2","0","2"
"宁王孝珩录尚书事","2","0","2"
"省吏部尚书高元海","1","1","2"
"开府仪同三司尉破","1","1","2"
"府仪同三司尉破胡","1","1","2"
"侍中斛律孝卿送禅","1","1","2"
"宜州刺史穆提婆谋","1","1","2"
"州刺史穆提婆谋反","1","1","2"
"召秦州刺史侯莫陈","1","1","2"
"秦州刺史侯莫陈悦","1","1","2"
"州刺史侯莫陈悦东","1","1","2"
"刺史侯莫陈悦东下","1","1","2"
"夏州刺史解拔弥俄","1","1","2"
"州刺史解拔弥俄突","1","1","2"
"流人纥豆陵伊利等","1","1","2"
"秦州刺史万俟普拨","1","1","2"
"时南秦州刺史李弼","1","1","2"
"令前秦州刺史骆超","1","1","2"
"禽东魏陕州刺史李","2","0","2"
"魏北豫州刺史高慎","1","1","2"
"东魏河南大行台侯","1","1","2"
"魏河南大行台侯景","1","1","2"
"遣开府杨忠攻克随","1","1","2"
"开府杨忠攻克随州","1","1","2"
"梁州刺史宜丰侯萧","1","1","2"
"中山公护大将军杨","2","0","2"
"山公护大将军杨忠","2","0","2"
"河北道行台尚书令","1","1","2"
"淮南道行台尚书令","1","1","2"
"将作大匠宇文恺营","1","1","2"
"作大匠宇文恺营建","1","1","2"
"大匠宇文恺营建东","1","1","2"
"匠宇文恺营建东京","1","1","2"
"左武卫大将军郭衍","1","1","2"
"武卫大将军李景后","2","0","2"
"突厥意利珍豆启民","1","1","2"
"太仆卿杨义臣东屯","1","1","2"
"右屯卫大将军张定","1","1","2"
"遣左光禄大夫梁默","1","1","2"
"右翊卫将军李琼等","1","1","2"
"翊卫将军李琼等追","1","1","2"
"银青光禄大夫长孙","1","1","2"
"青光禄大夫长孙炽","1","1","2"
"左屯卫大将军姚辩","1","1","2"
"一百一十三万三千","1","1","2"
"百一十三万三千八","1","1","2"
"一十三万三千八百","1","1","2"
"右候卫大将军卫玄","1","1","2"
"斩尚书右丞刘士龙","1","1","2"
"卫大将军宇文述等","2","0","2"
"大将军宇文述等破","2","0","2"
"将军宇文述等破杨","2","0","2"
"军宇文述等破杨玄","2","0","2"
"宇文述等破杨玄感","2","0","2"
"文述等破杨玄感阌","2","0","2"
"述等破杨玄感阌乡","2","0","2"
"右候卫将军冯孝慈","1","1","2"
"右骁卫大将军光禄","1","1","2"
"骁卫大将军光禄大","1","1","2"
"卫大将军光禄大夫","1","1","2"
"将作监光禄大夫李","1","1","2"
"作监光禄大夫李敏","1","1","2"
"右御卫大将军张寿","1","1","2"
"贼帅卢明月聚众十","1","1","2"
"检校民部尚书韦津","1","1","2"
"安定人荔非世雄杀","1","1","2"
"银青光禄大夫张世","1","1","2"
"青光禄大夫张世隆","1","1","2"
"马邑校尉刘武周杀","1","1","2"
"左屯卫将军张镇州","1","1","2"
"屯卫将军张镇州击","1","1","2"
"转入侍中宋钦道家","1","1","2"
"臣哉邻哉邻哉臣哉","1","1","2"
"哉邻哉邻哉臣哉君","1","1","2"
"前秦州刺史吕受恩","1","1","2"
"秦州刺史吕受恩等","1","1","2"
"御史中尉李彪争路","1","1","2"
"州刺史元六头荒淫","1","1","2"
"弟中兵参军薛修义","1","1","2"
"三公郎中崔鸿上疏","1","1","2"
"羽葆班剑鼓吹二十","1","1","2"
"葆班剑鼓吹二十人","1","1","2"
"部大人叔孙普洛节","1","1","2"
"太乐令公孙崇修造","1","1","2"
"乐令公孙崇修造金","1","1","2"
"令公孙崇修造金石","1","1","2"
"问太乐令张乾龟等","1","1","2"
"时吏部尚书樊子鹄","1","1","2"
"遣书侍御史李焕先","1","1","2"
"前门下录事姚敬贤","1","1","2"
"门下通事令史王才","1","1","2"
"下通事令史王才达","1","1","2"
"司州刺史蔡道恭忧","1","1","2"
"中军大将军临川王","1","1","2"
"军大将军临川王萧","1","1","2"
"大将军临川王萧宏","1","1","2"
"县瓠人白早生等杀","1","1","2"
"郧州总管宇文亮反","1","1","2"
"中书博士范阳卢神","1","1","2"
"书博士范阳卢神宝","1","1","2"
"通直散骑侍郎彭贵","1","1","2"
"直散骑侍郎彭贵平","1","1","2"
"散骑侍郎彭贵平酒","1","1","2"
"骑侍郎彭贵平酒醉","1","1","2"
"干都督中外诸军事","1","1","2"
"御史中尉李平所弹","1","1","2"
"勰都督南征诸军事","1","1","2"
"御史台令史龙文观","1","1","2"
"儒学宾客严怀真等","1","1","2"
"吴兵将军公孙表等","1","1","2"
"兵将军公孙表等南","1","1","2"
"将军公孙表等南征","1","1","2"
"等十三人迭典庶事","2","0","2"
"李元德东郡太守申","2","0","2"
"元德东郡太守申谟","2","0","2"
"随大都督源子邕讨","1","1","2"
"侯莫陈崇等参议朝","1","1","2"
"莫陈崇等参议朝政","1","1","2"
"襄城公卢鲁元等七","1","1","2"
"城公卢鲁元等七人","1","1","2"
"宋徐州刺史薛安都","1","1","2"
"宋东平太守申纂屯","1","1","2"
"镇南大将军尉元请","1","1","2"
"女婿郁林公司马弥","1","1","2"
"婿郁林公司马弥陀","1","1","2"
"时雍州刺史萧宝夤","1","1","2"
"雍州刺史萧宝夤反","1","1","2"
"中常侍宗爱等所杀","1","1","2"
"殿中尚书长孙渴侯","1","1","2"
"历文襄大将军主簿","2","0","2"
"帅赤阿突等数百人","1","1","2"
"时沃野镇人破六韩","1","1","2"
"镇人破六韩拔陵首","1","1","2"
"陈将吴明彻寇淮南","2","0","2"
"济阴公卢中山等督","1","1","2"
"阴公卢中山等督运","1","1","2"
"徐州刺史张豹子等","1","1","2"
"天水人吕伯度兄弟","1","1","2"
"柱国宇文神举讨平","1","1","2"
"大将军府刑狱参军","1","1","2"
"河北行台兵部尚书","1","1","2"
"亳州刺史纥豆陵恭","1","1","2"
"淮南道行台尚书吏","1","1","2"
"南道行台尚书吏部","1","1","2"
"道行台尚书吏部郎","1","1","2"
"左中郎将京兆韦潜","1","1","2"
"中郎将京兆韦潜度","1","1","2"
"司空许国公宇文贵","1","1","2"
"吏部尚书卢恺一见","1","1","2"
"尚书左丞司马子瑞","1","1","2"
"书左丞司马子瑞奏","1","1","2"
"义云遣御史张子阶","2","0","2"
"云遣御史张子阶诣","2","0","2"
"遣御史张子阶诣州","2","0","2"
"御史张子阶诣州采","2","0","2"
"史张子阶诣州采风","2","0","2"
"张子阶诣州采风闻","2","0","2"
"遣队主巩荣贵防禁","2","0","2"
"队主巩荣贵防禁送","2","0","2"
"主巩荣贵防禁送都","2","0","2"
"黄门侍郎郑子默受","1","1","2"
"门侍郎郑子默受遗","1","1","2"
"侍郎郑子默受遗诏","1","1","2"
"郎郑子默受遗诏辅","1","1","2"
"黄门侍郎元岩等入","1","1","2"
"汲郡赞治赵怀义等","1","1","2"
"户部尚书樊子盖等","1","1","2"
"武卫将军屈突通屯","1","1","2"
"前户部尚书李子雄","1","1","2"
"户部尚书李子雄计","1","1","2"
"交州刺史李叔献屯","1","1","2"
"青州刺史沈文秀建","1","1","2"
"州刺史沈文秀建威","1","1","2"
"刺史沈文秀建威府","1","1","2"
"要行台尚书卢潜陷","1","1","2"
"门下金墉中书外省","2","0","2"
"下金墉中书外省考","2","0","2"
"金墉中书外省考论","2","0","2"
"墉中书外省考论律","2","0","2"
"中书外省考论律令","2","0","2"
"梁将齐苟仁等二十","1","1","2"
"将齐苟仁等二十一","1","1","2"
"齐苟仁等二十一人","1","1","2"
"禧都督左翼诸军事","1","1","2"
"群氐皆弃灵珍散归","2","0","2"
"齐梁州刺史阴广宗","1","1","2"
"鲁北燕等聚众反叛","1","1","2"
"游击将军李晖光镇","1","1","2"
"定州流人解庆宾兄","1","1","2"
"州流人解庆宾兄弟","1","1","2"
"王神念率水军溯淮","1","1","2"
"梁霍州司马田休等","1","1","2"
"时除安乐王鉴徐州","2","0","2"
"除安乐王鉴徐州刺","2","0","2"
"安乐王鉴徐州刺史","2","0","2"
"乐王鉴徐州刺史讨","2","0","2"
"宋冀州刺史崔道固","1","1","2"
"冀州刺史崔道固共","1","1","2"
"梁左游击将军赵祖","1","1","2"
"左游击将军赵祖悦","1","1","2"
"游击将军赵祖悦率","1","1","2"
"遣中书舍人裴穆慰","1","1","2"
"梦见征虏将军房世","1","1","2"
"见征虏将军房世宝","1","1","2"
"秘书监郑道昭暴病","1","1","2"
"遣北梁州长史锡休","1","1","2"
"北梁州长史锡休儒","1","1","2"
"梁州长史锡休儒等","1","1","2"
"司徒录事参军卢思","1","1","2"
"徒录事参军卢思道","1","1","2"
"录事参军卢思道私","1","1","2"
"州人郑播宗等七百","1","1","2"
"齐州大中正房千秋","1","1","2"
"中书博士张天龙讲","1","1","2"
"冀州刺史万俟受洛","1","1","2"
"胶州刺史司马世云","1","1","2"
"州刺史司马世云家","1","1","2"
"侍中尚书令赵彦深","1","1","2"
"侍中左仆射元文遥","1","1","2"
"吏部尚书尉瑾内外","1","1","2"
"平准令张叔略等结","1","1","2"
"州刺史李神俊闭门","1","1","2"
"都督河北畿外诸军","1","1","2"
"督河北畿外诸军事","1","1","2"
"侯莫陈悦等入关讨","1","1","2"
"高平镇城人赫贵连","1","1","2"
"平镇城人赫贵连恩","1","1","2"
"镇城人赫贵连恩等","1","1","2"
"大都督武卫将军贺","1","1","2"
"都督武卫将军贺拔","1","1","2"
"督武卫将军贺拔岳","1","1","2"
"大都督侯莫陈悦等","1","1","2"
"都督侯莫陈悦等讨","1","1","2"
"投略阳贼帅王庆云","2","0","2"
"南青州刺史大野拔","1","1","2"
"青州刺史大野拔率","1","1","2"
"征西将军侯莫陈悦","1","1","2"
"夏州人宿勤明达降","1","1","2"
"都督关中二十州诸","1","1","2"
"督关中二十州诸军","1","1","2"
"关中二十州诸军事","1","1","2"
"中书侍郎李绘等追","1","1","2"
"东徐州刺史郭志杀","1","1","2"
"左卫将军刘丰等相","1","1","2"
"冀州长史宇文仲鸾","1","1","2"
"长乐郡守尉普兴等","1","1","2"
"库真都督破六韩伯","1","1","2"
"真都督破六韩伯升","1","1","2"
"东北道行台右仆射","1","1","2"
"六州大都督独孤枝","1","1","2"
"州大都督独孤枝侵","1","1","2"
"齐昌王莫多娄敬显","1","1","2"
"武卫将军相里僧伽","1","1","2"
"博陵人贾德胄教百","1","1","2"
"陵人贾德胄教百年","1","1","2"
"右卫大将军赵元侃","1","1","2"
"西魏北华州刺史薛","1","1","2"
"魏北华州刺史薛崇","1","1","2"
"北华州刺史薛崇礼","1","1","2"
"见东雍州刺史潘相","1","1","2"
"东雍州刺史潘相乐","1","1","2"
"督将僚佐四十八人","1","1","2"
"执子司徒中兵慧登","2","0","2"
"子司徒中兵慧登等","2","0","2"
"司徒中兵慧登等二","2","0","2"
"徒中兵慧登等二十","2","0","2"
"中兵慧登等二十人","2","0","2"
"兵慧登等二十人前","2","0","2"
"仪同三司敬显俊等","1","1","2"
"中书舍人李若误奏","1","1","2"
"洛州行台仆射独孤","1","1","2"
"州行台仆射独孤永","1","1","2"
"行台仆射独孤永业","1","1","2"
"命中外府司马李义","1","1","2"
"中外府司马李义深","1","1","2"
"搴少时温子升齐名","2","0","2"
"相府法曹辛子炎咨","1","1","2"
"平原太守许季良等","1","1","2"
"太尉记室参军平涛","1","1","2"
"右卫大将军侯吕芬","1","1","2"
"宣城公赵国李孝伯","1","1","2"
"黄门郎贾思同侍立","1","1","2"
"故尚书令陈留公继","1","1","2"
"尚书令陈留公继伯","1","1","2"
"右仆射高德正二人","1","1","2"
"延宗纳赵郡李祖收","1","1","2"
"总管十三州诸军事","1","1","2"
"中外府司录尹公正","1","1","2"
"膳部下大夫李安等","1","1","2"
"委弃杂畜辎重胜数","2","0","2"
"大将军安邑公王兴","1","1","2"
"豫州刺史高仲密请","1","1","2"
"弘农等二十一郡诸","1","1","2"
"农等二十一郡诸军","1","1","2"
"等二十一郡诸军事","1","1","2"
"南宁州刺史徐文盛","1","1","2"
"泰常元年春二月丁","1","1","2"
"常元年春二月丁未","1","1","2"
"开府仪同三司高归","1","1","2"
"府仪同三司高归彦","1","1","2"
"扬州县开国公高孝","1","1","2"
"州县开国公高孝绪","1","1","2"
"省录尚书事赵彦深","1","1","2"
"开府仪同三司贺拔","1","1","2"
"府仪同三司贺拔伏","1","1","2"
"仪同三司贺拔伏恩","1","1","2"
"慕容钟葵等宿卫近","1","1","2"
"容钟葵等宿卫近臣","1","1","2"
"钟葵等宿卫近臣三","1","1","2"
"葵等宿卫近臣三十","1","1","2"
"大将军左光禄大夫","1","1","2"
"将军左光禄大夫麦","1","1","2"
"军左光禄大夫麦铁","1","1","2"
"左光禄大夫麦铁杖","1","1","2"
"右屯卫将军宇文化","1","1","2"
"秦州总管录事参军","1","1","2"
"扬州刺史长孙承业","1","1","2"
"急就篇续注音义证","1","1","2"
"左候卫大将军段文","1","1","2"
"候卫大将军段文振","1","1","2"
"文帝文皇后乙弗氏","1","1","2"
"金紫光禄大夫张安","1","1","2"
"紫光禄大夫张安期","1","1","2"
"内史侍郎虞世基等","1","1","2"
"事黄门侍郎元纂等","1","1","2"
"后智等随慕容德南","1","1","2"
"智等随慕容德南渡","1","1","2"
"苏绰与宇文泰的意","0","2","2"
"绰与宇文泰的意见","0","2","2"
"与宇文泰的意见相","0","2","2"
"宇文泰的意见相同","0","2","2"
"都和他估计的一样","0","2","2"
"悲伤过度以至于损","0","2","2"
"伤过度以至于损伤","0","2","2"
"过度以至于损伤了","0","2","2"
"度以至于损伤了身","0","2","2"
"以至于损伤了身体","0","2","2"
"侯莫陈悦想回秦州","0","2","2"
"东魏将领莫多娄贷","0","2","2"
"魏将领莫多娄贷文","0","2","2"
"朝廷前后赏赐给他","0","2","2"
"廷前后赏赐给他的","0","2","2"
"侗派武贲郎将刘长","0","2","2"
"派武贲郎将刘长恭","0","2","2"
"亲自率领精锐部队","0","2","2"
"被朝廷追赠为柱国","0","2","2"
"跟随尔朱荣在滏口","0","2","2"
"与独孤信进入洛阳","0","2","2"
"他的祖先是北魏的","0","2","2"
"议迎接周文帝宇文","0","2","2"
"迎接周文帝宇文泰","0","2","2"
"晋位为柱国大将军","0","2","2"
"因为父亲的功劳被","0","2","2"
"朝廷命他为益州总","0","2","2"
"廷命他为益州总管","0","2","2"
"他因立有军功被封","0","2","2"
"因立有军功被封为","0","2","2"
"元颢率南朝军队占","0","2","2"
"颢率南朝军队占据","0","2","2"
"率南朝军队占据洛","0","2","2"
"南朝军队占据洛阳","0","2","2"
"汉代司徒王允的后","0","2","2"
"代司徒王允的后代","0","2","2"
"被授予骠骑大将军","0","2","2"
"仲密献出北豫州归","0","2","2"
"被任命为驸马都尉","0","2","2"
"晋封他为柱国大将","0","2","2"
"封他为柱国大将军","0","2","2"
"准备诛杀晋公宇文","0","2","2"
"备诛杀晋公宇文护","0","2","2"
"为上开府仪同大将","0","2","2"
"朝廷封他的一个儿","0","2","2"
"廷封他的一个儿子","0","2","2"
"良家子弟的身份从","0","2","2"
"贺拔胜的弟弟贺拔","0","2","2"
"拔胜的弟弟贺拔岳","0","2","2"
"统率贺拔岳的军队","0","2","2"
"凉州刺史宇文仲和","0","2","2"
"州刺史宇文仲和占","0","2","2"
"刺史宇文仲和占据","0","2","2"
"史宇文仲和占据州","0","2","2"
"宇文仲和占据州城","0","2","2"
"东魏的高仲密献出","0","2","2"
"魏的高仲密献出北","0","2","2"
"的高仲密献出北豫","0","2","2"
"被封为柱国大将军","0","2","2"
"跟随宇文泰平定侯","0","2","2"
"随宇文泰平定侯莫","0","2","2"
"跟随宇文泰在邙山","0","2","2"
"随宇文泰在邙山与","0","2","2"
"宇文泰在邙山与东","0","2","2"
"文泰在邙山与东魏","0","2","2"
"泰在邙山与东魏军","0","2","2"
"都得到他们的欢心","0","2","2"
"封他为尚书左仆射","0","2","2"
"便任他为行台郎中","0","2","2"
"他有辅助天子的才","0","2","2"
"有辅助天子的才干","0","2","2"
"宇文泰与公卿大臣","0","2","2"
"不善良不贤能的人","0","2","2"
"大冢宰宇文护见到","0","2","2"
"冢宰宇文护见到他","0","2","2"
"以观察时局的变化","0","2","2"
"与高赹一起掌管朝","0","2","2"
"高赹一起掌管朝政","0","2","2"
"书侍御史梁毗弹劾","0","2","2"
"被封为尚书右仆射","0","2","2"
"命他为尚书右仆射","0","2","2"
"授予开府仪同三司","0","2","2"
"被授予尚书右仆射","0","2","2"
"尉迟迥的儿子尉迟","0","2","2"
"大丈夫应当建立功","0","2","2"
"丈夫应当建立功名","0","2","2"
"当时人们都认为他","0","2","2"
"有英雄豪杰的仪表","0","2","2"
"命他与自己的儿子","0","2","2"
"他与自己的儿子们","0","2","2"
"隋军大举进攻陈国","0","2","2"
"又恢复了他的爵位","0","2","2"
"发配到边远的地方","0","2","2"
"命他为大行台尚书","0","2","2"
"拔岳被侯莫陈悦杀","0","2","2"
"岳被侯莫陈悦杀害","0","2","2"
"起用辛庆之为行台","0","2","2"
"接受禅让即皇帝位","0","2","2"
"文帝知道了这件事","0","2","2"
"右武卫将军皇甫无","0","2","2"
"臣没有人能和他相","0","2","2"
"制作循环为宫之法","0","2","2"
"多次升迁至仪同三","0","2","2"
"次升迁至仪同三司","0","2","2"
"高智慧等人在江南","0","2","2"
"智慧等人在江南发","0","2","2"
"慧等人在江南发动","0","2","2"
"等人在江南发动叛","0","2","2"
"人在江南发动叛乱","0","2","2"
"史万岁为行军总管","0","2","2"
"派遣使者请求投降","0","2","2"
"没有把他带回京师","0","2","2"
"可汗率兵侵犯边塞","0","2","2"
"以行军总管的身份","0","2","2"
"没有不痛哭流涕的","0","2","2"
"所受到的恩宠礼遇","0","2","2"
"和梁士彦交情甚厚","0","2","2"
"事情的形势已经这","0","2","2"
"情的形势已经这样","0","2","2"
"升任开府仪同三司","0","2","2"
"冬至那天日影一丈","0","2","2"
"至那天日影一丈二","0","2","2"
"那天日影一丈二尺","0","2","2"
"自此以后逐渐缩短","0","2","2"
"岁月正是十一月庚","0","2","2"
"月正是十一月庚戍","0","2","2"
"正是十一月庚戍日","0","2","2"
"是十一月庚戍日冬","0","2","2"
"十一月庚戍日冬至","0","2","2"
"晋王杨广镇守并州","0","2","2"
"平定陈国的战役中","0","2","2"
"行军总管之职跟从","0","2","2"
"来护儿为右骁卫大","0","2","2"
"护儿为右骁卫大将","0","2","2"
"儿为右骁卫大将军","0","2","2"
"朝中大臣没有人能","0","2","2"
"来护儿和樊子盖一","0","2","2"
"炀帝车驾回东都洛","0","2","2"
"帝车驾回东都洛阳","0","2","2"
"授予员外散骑侍郎","0","2","2"
"予员外散骑侍郎之","0","2","2"
"员外散骑侍郎之职","0","2","2"
"把奇装异服和怪异","0","2","2"
"多次升迁至通直散","0","2","2"
"次升迁至通直散骑","0","2","2"
"升迁至通直散骑常","0","2","2"
"迁至通直散骑常侍","0","2","2"
"宇文述以行军总管","0","2","2"
"文述以行军总管之","0","2","2"
"述以行军总管之职","0","2","2"
"宇文士及娶南阳公","0","2","2"
"文士及娶南阳公主","0","2","2"
"到皇帝所在的地方","0","2","2"
"右骁卫大将军来护","0","2","2"
"骁卫大将军来护儿","0","2","2"
"不知该怎么办才好","0","2","2"
"带着几十名骑兵逃","0","2","2"
"伤害了百姓和耕牛","0","2","2"
"都是出自徐遵明的","0","2","2"
"授通直散骑常侍之","0","2","2"
"用的是郑玄的解释","0","2","2"
"孔子是道德完善的","0","2","2"
"子是道德完善的人","0","2","2"
"果然像他说的那样","0","2","2"
"齐武成帝河清年间","0","2","2"
"加授通直散骑常侍","0","2","2"
"清商三调和四时舞","0","2","2"
"四面八方的章表奏","0","2","2"
"宇文化及杀害炀帝","0","2","2"
"天下没有无母之国","0","2","2"
"隋文帝受禅即位后","0","2","2"
"功被任命为大将军","0","2","2"
"给他一匹瘦弱的马","0","2","2"
"不知道什么地方的","0","2","2"
"知道什么地方的人","0","2","2"
"就是至尊天子的本","0","2","2"
"是至尊天子的本命","0","2","2"
"升为员外散骑侍郎","0","2","2"
"总计一百八十二天","0","2","2"
"计一百八十二天而","0","2","2"
"一百八十二天而运","0","2","2"
"百八十二天而运行","0","2","2"
"八十二天而运行一","0","2","2"
"十二天而运行一百","0","2","2"
"自古以来的各个历","0","2","2"
"古以来的各个历法","0","2","2"
"到齐接受东魏禅让","0","2","2"
"隋文帝接受禅让后","0","2","2"
"慕利延兄长的儿子","0","2","2"
"率领十五员将出兵","0","2","2"
"十五员将出兵东路","0","2","2"
"十五员将出兵西路","0","2","2"
"高凉王那出兵东路","0","2","2"
"口裤褶一具内中宛","0","2","2"
"裤褶一具内中宛具","0","2","2"
"阿那瞔派他的吐豆","0","2","2"
"刘库仁的儿子刘显","0","2","2"
"大会各部落首领于","0","2","2"
"会各部落首领于牛","0","2","2"
"各部落首领于牛川","0","2","2"
"道武帝担心有内乱","0","2","2"
"容垂派儿子慕容贺","0","2","2"
"二年春正月十四日","0","2","2"
"四年春二月十二日","0","2","2"
"的儿子悦为朱提王","0","2","2"
"诏令南平公长孙嵩","0","2","2"
"昌黎王慕容伯儿谋","0","2","2"
"黎王慕容伯儿谋反","0","2","2"
"赏赐王公以下直至","0","2","2"
"诏令使者巡行天下","0","2","2"
"在西宫大摆筵席宴","0","2","2"
"西宫大摆筵席宴请","0","2","2"
"宫大摆筵席宴请群","0","2","2"
"大摆筵席宴请群臣","0","2","2"
"立太平王焘为皇太","0","2","2"
"太平王焘为皇太子","0","2","2"
"宋守将毛德祖坚守","0","2","2"
"任命广陵王欣为太","0","2","2"
"在于得到合适的人","0","2","2"
"于得到合适的人才","0","2","2"
"把刀放在盘子下面","0","2","2"
"湘东王萧绎派使者","0","2","2"
"东王萧绎派使者朝","0","2","2"
"库莫奚都派使者朝","0","2","2"
"莫奚都派使者朝贡","0","2","2"
"库莫奚派使者朝贡","0","2","2"
"年春正月二十六日","0","2","2"
"契丹都派使者朝贡","0","2","2"
"年春正月二十一日","0","2","2"
"彭城王高氵攸为兼","0","2","2"
"高阳王高为尚书左","0","2","2"
"阳王高为尚书左仆","0","2","2"
"王高为尚书左仆射","0","2","2"
"尊称皇太后为太皇","0","2","2"
"称皇太后为太皇太","0","2","2"
"皇太后为太皇太后","0","2","2"
"孝昭帝便派归彦立","0","2","2"
"昭帝便派归彦立即","0","2","2"
"帝便派归彦立即驰","0","2","2"
"便派归彦立即驰赴","0","2","2"
"派归彦立即驰赴晋","0","2","2"
"归彦立即驰赴晋阳","0","2","2"
"彦立即驰赴晋阳杀","0","2","2"
"立即驰赴晋阳杀害","0","2","2"
"即驰赴晋阳杀害了","0","2","2"
"驰赴晋阳杀害了废","0","2","2"
"赴晋阳杀害了废帝","0","2","2"
"文宣帝听从了可是","0","2","2"
"宣帝听从了可是却","0","2","2"
"帝听从了可是却又","0","2","2"
"听从了可是却又很","0","2","2"
"从了可是却又很生","0","2","2"
"了可是却又很生气","0","2","2"
"在我的身后儿子不","0","2","2"
"我的身后儿子不得","0","2","2"
"的身后儿子不得帝","0","2","2"
"身后儿子不得帝位","0","2","2"
"后儿子不得帝位啊","0","2","2"
"儿子不得帝位啊邢","0","2","2"
"子不得帝位啊邢邵","0","2","2"
"不得帝位啊邢邵听","0","2","2"
"得帝位啊邢邵听后","0","2","2"
"帝位啊邢邵听后大","0","2","2"
"位啊邢邵听后大惊","0","2","2"
"太上皇帝派兼散骑","0","2","2"
"上皇帝派兼散骑常","0","2","2"
"皇帝派兼散骑常侍","0","2","2"
"太上皇帝从晋阳回","0","2","2"
"上皇帝从晋阳回京","0","2","2"
"太上皇帝从晋阳归","0","2","2"
"上皇帝从晋阳归来","0","2","2"
"太上皇帝令兼散骑","0","2","2"
"上皇帝令兼散骑常","0","2","2"
"皇帝令兼散骑常侍","0","2","2"
"太上皇帝下诏任命","0","2","2"
"任城王氵皆为太师","0","2","2"
"广宁王孝珩为司徒","0","2","2"
"广宁王孝珩为录尚","0","2","2"
"宁王孝珩为录尚书","0","2","2"
"王孝珩为录尚书事","0","2","2"
"高阿那肱为录尚书","0","2","2"
"阿那肱为录尚书事","0","2","2"
"但却不拿出东西来","0","2","2"
"人们望见后都十分","0","2","2"
"们望见后都十分敬","0","2","2"
"望见后都十分敬畏","0","2","2"
"见后都十分敬畏他","0","2","2"
"准备讨伐侯莫陈悦","0","2","2"
"哥哥的儿子宇文导","0","2","2"
"魏帝加封宇文泰为","0","2","2"
"全部俘虏了他的部","0","2","2"
"宇文泰派开府李弼","0","2","2"
"宇文泰派开府独孤","0","2","2"
"文泰派开府独孤信","0","2","2"
"泰派开府独孤信前","0","2","2"
"派开府独孤信前去","0","2","2"
"开府独孤信前去征","0","2","2"
"府独孤信前去征讨","0","2","2"
"宇文泰护卫魏太子","0","2","2"
"中山公宇文护和大","0","2","2"
"山公宇文护和大将","0","2","2"
"公宇文护和大将军","0","2","2"
"宇文护和大将军杨","0","2","2"
"文护和大将军杨忠","0","2","2"
"魏恭帝加封宇文泰","0","2","2"
"恭帝加封宇文泰为","0","2","2"
"命令中山公宇文护","0","2","2"
"都派使者进贡地方","0","2","2"
"启民可汗和他部落","0","2","2"
"民可汗和他部落里","0","2","2"
"使者进贡地方物品","0","2","2"
"卫大将军宇文述在","0","2","2"
"国派使者进贡地方","0","2","2"
"派左翊卫大将军宇","0","2","2"
"卫将军屈突通等飞","0","2","2"
"将军屈突通等飞传","0","2","2"
"军屈突通等飞传命","0","2","2"
"屈突通等飞传命令","0","2","2"
"突通等飞传命令发","0","2","2"
"通等飞传命令发兵","0","2","2"
"贼帅司马长安攻下","0","2","2"
"便把她附葬于盛乐","0","2","2"
"把她附葬于盛乐的","0","2","2"
"她附葬于盛乐的金","0","2","2"
"附葬于盛乐的金陵","0","2","2"
"过了很久才苏醒过","0","2","2"
"了很久才苏醒过来","0","2","2"
"没有文采的缦缯而","0","2","2"
"有文采的缦缯而已","0","2","2"
"太后临朝听政以后","0","2","2"
"胡太后幽禁在北宫","0","2","2"
"以皇后的礼节把她","0","2","2"
"武明皇后也被断绝","0","2","2"
"明皇后也被断绝往","0","2","2"
"皇后也被断绝往来","0","2","2"
"来寄托自己的感情","0","2","2"
"太武帝征讨赫连昌","0","2","2"
"武帝征讨赫连昌时","0","2","2"
"御史中尉王显上奏","0","2","2"
"史中尉王显上奏说","0","2","2"
"他承袭了父亲的爵","0","2","2"
"将他们在长安处以","0","2","2"
"他们在长安处以车","0","2","2"
"们在长安处以车裂","0","2","2"
"在长安处以车裂的","0","2","2"
"长安处以车裂的刑","0","2","2"
"安处以车裂的刑罚","0","2","2"
"道武帝到贺兰部时","0","2","2"
"敌人果然起了疑心","0","2","2"
"人果然起了疑心而","0","2","2"
"果然起了疑心而退","0","2","2"
"然起了疑心而退避","0","2","2"
"召回任尚书左仆射","0","2","2"
"希望有助于弘扬教","0","2","2"
"望有助于弘扬教化","0","2","2"
"因为他是功臣的儿","0","2","2"
"为他是功臣的儿子","0","2","2"
"元叉和他弟弟元爪","0","2","2"
"他承袭父亲的爵位","0","2","2"
"被有见识的人所讥","0","2","2"
"有见识的人所讥笑","0","2","2"
"地位和声望都很高","0","2","2"
"却没有干出什么好","0","2","2"
"没有干出什么好事","0","2","2"
"这是臣下的罪责之","0","2","2"
"朝廷下诏让交付门","0","2","2"
"廷下诏让交付门下","0","2","2"
"被任命为吏部尚书","0","2","2"
"齐的雍州刺史曹武","0","2","2"
"的雍州刺史曹武请","0","2","2"
"雍州刺史曹武请求","0","2","2"
"担任给事黄门侍郎","0","2","2"
"陛下怎么能因为一","0","2","2"
"追赠为尚书右仆射","0","2","2"
"朝廷任命元琛为行","0","2","2"
"廷任命元琛为行台","0","2","2"
"依然掌管秦州事务","0","2","2"
"你就是今天把我打","0","2","2"
"就是今天把我打碎","0","2","2"
"是今天把我打碎头","0","2","2"
"今天把我打碎头颅","0","2","2"
"天把我打碎头颅流","0","2","2"
"把我打碎头颅流下","0","2","2"
"我打碎头颅流下肠","0","2","2"
"打碎头颅流下肠子","0","2","2"
"又以原来的官职兼","0","2","2"
"没有人能够比得上","0","2","2"
"有人能够比得上他","0","2","2"
"可上尊号为孝文皇","0","2","2"
"上尊号为孝文皇帝","0","2","2"
"元勰和高阳王元雍","0","2","2"
"因为是皇帝的舅舅","0","2","2"
"为是皇帝的舅舅而","0","2","2"
"幽州刺史王永驻守","0","2","2"
"州刺史王永驻守于","0","2","2"
"刺史王永驻守于蓟","0","2","2"
"史王永驻守于蓟城","0","2","2"
"和南平公长孙嵩等","0","2","2"
"太武帝攻打赫连昌","0","2","2"
"武帝攻打赫连昌时","0","2","2"
"他又领兵进入安定","0","2","2"
"孝文帝追记前朝的","0","2","2"
"文帝追记前朝的功","0","2","2"
"帝追记前朝的功臣","0","2","2"
"追念他过去的功勋","0","2","2"
"赐给皇帝所用的丧","0","2","2"
"给皇帝所用的丧物","0","2","2"
"皇帝所用的丧物棺","0","2","2"
"帝所用的丧物棺材","0","2","2"
"所用的丧物棺材等","0","2","2"
"帝早就听说他的名","0","2","2"
"早就听说他的名声","0","2","2"
"被任命为侍御中散","0","2","2"
"他趁国家大灾难时","0","2","2"
"被任命为尚书右仆","0","2","2"
"任命为尚书右仆射","0","2","2"
"被任命为大丞相府","0","2","2"
"于谨原是和周文帝","0","2","2"
"谨原是和周文帝同","0","2","2"
"原是和周文帝同列","0","2","2"
"是和周文帝同列的","0","2","2"
"和周文帝同列的朝","0","2","2"
"周文帝同列的朝官","0","2","2"
"所以宇文护一向十","0","2","2"
"以宇文护一向十分","0","2","2"
"宇文护一向十分敬","0","2","2"
"文护一向十分敬重","0","2","2"
"护一向十分敬重他","0","2","2"
"房崇古的母亲和妻","0","2","2"
"崇古的母亲和妻子","0","2","2"
"太武帝平定赫连昌","0","2","2"
"太武帝待他十分亲","0","2","2"
"太武帝非常尊重他","0","2","2"
"想要用偏远蛮夷之","0","2","2"
"要用偏远蛮夷之众","0","2","2"
"在洛阳设置雍州的","0","2","2"
"洛阳设置雍州的郡","0","2","2"
"阳设置雍州的郡县","0","2","2"
"设置雍州的郡县安","0","2","2"
"置雍州的郡县安置","0","2","2"
"雍州的郡县安置那","0","2","2"
"州的郡县安置那些","0","2","2"
"的郡县安置那些流","0","2","2"
"郡县安置那些流民","0","2","2"
"帝亲自拉着他的手","0","2","2"
"任冀州镇东府长史","0","2","2"
"出任为东荆州刺史","0","2","2"
"下诏任命郦道元为","0","2","2"
"诏任命郦道元为持","0","2","2"
"任命郦道元为持节","0","2","2"
"为持节兼黄门侍郎","0","2","2"
"元法僧在彭城反叛","0","2","2"
"道武帝平定中山时","0","2","2"
"后来转任尚书右外","0","2","2"
"来转任尚书右外兵","0","2","2"
"转任尚书右外兵郎","0","2","2"
"任尚书右外兵郎中","0","2","2"
"陆瞨就担任内都下","0","2","2"
"瞨就担任内都下大","0","2","2"
"就担任内都下大夫","0","2","2"
"由于山路崎岖艰险","0","2","2"
"于是陆腾测量山川","0","2","2"
"是陆腾测量山川地","0","2","2"
"陆腾测量山川地势","0","2","2"
"又下诏命陆腾征讨","0","2","2"
"皇帝下诏令树碑纪","0","2","2"
"帝下诏令树碑纪念","0","2","2"
"下诏令树碑纪念功","0","2","2"
"诏令树碑纪念功绩","0","2","2"
"很得当时人们的称","0","2","2"
"得当时人们的称誉","0","2","2"
"人们都尊敬爱戴他","0","2","2"
"被任命为中书侍郎","0","2","2"
"并和南部尚书陆丽","0","2","2"
"太武帝见到他后很","0","2","2"
"武帝见到他后很赏","0","2","2"
"帝见到他后很赏识","0","2","2"
"齐废帝宝卷的同母","0","2","2"
"废帝宝卷的同母弟","0","2","2"
"帝宝卷的同母弟弟","0","2","2"
"东西两省的文武闲","0","2","2"
"万俟丑奴和萧宝夤","0","2","2"
"召高闾和中书令高","0","2","2"
"高闾和中书令高允","0","2","2"
"闾和中书令高允进","0","2","2"
"和中书令高允进入","0","2","2"
"中书令高允进入宫","0","2","2"
"书令高允进入宫中","0","2","2"
"令高允进入宫中参","0","2","2"
"高允进入宫中参与","0","2","2"
"允进入宫中参与处","0","2","2"
"进入宫中参与处置","0","2","2"
"入宫中参与处置国","0","2","2"
"宫中参与处置国家","0","2","2"
"中参与处置国家大","0","2","2"
"参与处置国家大政","0","2","2"
"赐给他爵号为安乐","0","2","2"
"给他爵号为安乐子","0","2","2"
"皇帝以优诏授予光","0","2","2"
"帝以优诏授予光禄","0","2","2"
"以优诏授予光禄大","0","2","2"
"优诏授予光禄大夫","0","2","2"
"金制的印章和紫色","0","2","2"
"制的印章和紫色的","0","2","2"
"的印章和紫色的绶","0","2","2"
"印章和紫色的绶带","0","2","2"
"由吏部尚书邢峦亲","0","2","2"
"吏部尚书邢峦亲自","0","2","2"
"部尚书邢峦亲自送","0","2","2"
"尚书邢峦亲自送往","0","2","2"
"书邢峦亲自送往高","0","2","2"
"邢峦亲自送往高闾","0","2","2"
"峦亲自送往高闾家","0","2","2"
"亲自送往高闾家中","0","2","2"
"自送往高闾家中拜","0","2","2"
"送往高闾家中拜授","0","2","2"
"以精通儒学而著称","0","2","2"
"只有平均才不会有","0","2","2"
"有平均才不会有枝","0","2","2"
"平均才不会有枝条","0","2","2"
"均才不会有枝条鸣","0","2","2"
"才不会有枝条鸣响","0","2","2"
"所以黄帝有二十五","0","2","2"
"以黄帝有二十五位","0","2","2"
"黄帝有二十五位儿","0","2","2"
"帝有二十五位儿子","0","2","2"
"共有十四人得到姓","0","2","2"
"夷鼓两人和黄帝同","0","2","2"
"鼓两人和黄帝同样","0","2","2"
"两人和黄帝同样姓","0","2","2"
"人和黄帝同样姓姬","0","2","2"
"逐渐凭战功升至左","0","2","2"
"渐凭战功升至左光","0","2","2"
"凭战功升至左光禄","0","2","2"
"战功升至左光禄大","0","2","2"
"功升至左光禄大夫","0","2","2"
"就因为能力强而闻","0","2","2"
"因为能力强而闻名","0","2","2"
"周文帝赐信对他赞","0","2","2"
"文帝赐信对他赞叹","0","2","2"
"帝赐信对他赞叹夸","0","2","2"
"赐信对他赞叹夸奖","0","2","2"
"后来他被征召回京","0","2","2"
"来他被征召回京拜","0","2","2"
"他被征召回京拜为","0","2","2"
"被征召回京拜为京","0","2","2"
"征召回京拜为京兆","0","2","2"
"召回京拜为京兆尹","0","2","2"
"很符合皇帝的旨意","0","2","2"
"任命郑道邕为大丞","0","2","2"
"命郑道邕为大丞相","0","2","2"
"郑道邕为大丞相府","0","2","2"
"道邕为大丞相府右","0","2","2"
"邕为大丞相府右长","0","2","2"
"为大丞相府右长史","0","2","2"
"加封郑道邕为骠骑","0","2","2"
"封郑道邕为骠骑大","0","2","2"
"郑道邕为骠骑大将","0","2","2"
"道邕为骠骑大将军","0","2","2"
"又历任御伯中大夫","0","2","2"
"读书人听了没有不","0","2","2"
"书人听了没有不称","0","2","2"
"人听了没有不称赞","0","2","2"
"听了没有不称赞的","0","2","2"
"被评价为胜任职守","0","2","2"
"而薛道衡却听不进","0","2","2"
"薛道衡却听不进去","0","2","2"
"便与他的妻子乘车","0","2","2"
"与他的妻子乘车西","0","2","2"
"他的妻子乘车西逃","0","2","2"
"让之从此节哀自勉","0","2","2"
"脱去布衣进入仕途","0","2","2"
"杨坚任北周的宰相","0","2","2"
"裴矩与大将军鹿愿","0","2","2"
"矩与大将军鹿愿率","0","2","2"
"与大将军鹿愿率兵","0","2","2"
"大将军鹿愿率兵赴","0","2","2"
"将军鹿愿率兵赴援","0","2","2"
"炀帝看了十分高兴","0","2","2"
"他为银青光禄大夫","0","2","2"
"先帝早就想征伐它","0","2","2"
"因为他们部落内有","0","2","2"
"为他们部落内有很","0","2","2"
"他们部落内有很多","0","2","2"
"们部落内有很多胡","0","2","2"
"部落内有很多胡人","0","2","2"
"虽然担任这些职务","0","2","2"
"都能得到人们的欢","0","2","2"
"能得到人们的欢心","0","2","2"
"北魏孝明帝正光时","0","2","2"
"周文帝宇文泰的儿","0","2","2"
"文帝宇文泰的儿子","0","2","2"
"赐给他布帛一百匹","0","2","2"
"颇为执政的权要嫉","0","2","2"
"为执政的权要嫉恨","0","2","2"
"所以义云受他保护","0","2","2"
"为了密切和他的关","0","2","2"
"了密切和他的关系","0","2","2"
"继承父亲的爵位为","0","2","2"
"孝文帝被他的话感","0","2","2"
"文帝被他的话感动","0","2","2"
"朝廷同意了他的请","0","2","2"
"廷同意了他的请求","0","2","2"
"贼兵首领鲜于修礼","0","2","2"
"城中所有的北人必","0","2","2"
"中所有的北人必须","0","2","2"
"所有的北人必须全","0","2","2"
"有的北人必须全部","0","2","2"
"的北人必须全部杀","0","2","2"
"北人必须全部杀死","0","2","2"
"任命他为给事黄门","0","2","2"
"命他为给事黄门侍","0","2","2"
"当时年龄才二十九","0","2","2"
"时年龄才二十九岁","0","2","2"
"没有比他更年轻的","0","2","2"
"祭奠他的到处不断","0","2","2"
"没有不敬佩和惊异","0","2","2"
"有不敬佩和惊异的","0","2","2"
"杨愔请求父亲收留","0","2","2"
"愔请求父亲收留他","0","2","2"
"因建立军功被封为","0","2","2"
"帝杨坚任北周的丞","0","2","2"
"杨坚任北周的丞相","0","2","2"
"封他的儿子杨玄感","0","2","2"
"他的儿子杨玄感为","0","2","2"
"怎么能申张劝勉奖","0","2","2"
"么能申张劝勉奖励","0","2","2"
"能申张劝勉奖励功","0","2","2"
"申张劝勉奖励功臣","0","2","2"
"张劝勉奖励功臣的","0","2","2"
"劝勉奖励功臣的风","0","2","2"
"勉奖励功臣的风气","0","2","2"
"奖励功臣的风气可","0","2","2"
"励功臣的风气可再","0","2","2"
"功臣的风气可再封","0","2","2"
"臣的风气可再封他","0","2","2"
"的风气可再封他的","0","2","2"
"风气可再封他的一","0","2","2"
"气可再封他的一个","0","2","2"
"可再封他的一个儿","0","2","2"
"再封他的一个儿子","0","2","2"
"他的一个儿子为义","0","2","2"
"的一个儿子为义康","0","2","2"
"一个儿子为义康郡","0","2","2"
"个儿子为义康郡公","0","2","2"
"子子孙孙继承不断","0","2","2"
"其余赏赐仍按旧章","0","2","2"
"所有的儿子没有任","0","2","2"
"有的儿子没有任何","0","2","2"
"的儿子没有任何汗","0","2","2"
"儿子没有任何汗马","0","2","2"
"子没有任何汗马功","0","2","2"
"没有任何汗马功劳","0","2","2"
"官吏对他敬重佩服","0","2","2"
"一旦到了这种地步","0","2","2"
"从小就有远大的志","0","2","2"
"小就有远大的志向","0","2","2"
"他的从弟尔朱世隆","0","2","2"
"他任给事黄门侍郎","0","2","2"
"家中没有多余的财","0","2","2"
"中没有多余的财产","0","2","2"
"任宋青州刺史沈文","0","2","2"
"孝文帝对他十分器","0","2","2"
"文帝对他十分器重","0","2","2"
"男子戴帽子而妇女","0","2","2"
"子戴帽子而妇女用","0","2","2"
"戴帽子而妇女用簪","0","2","2"
"是距城八里的郊外","0","2","2"
"距城八里的郊外啊","0","2","2"
"在距都城六里的郊","0","2","2"
"选用了员外郎卢思","0","2","2"
"用了员外郎卢思道","0","2","2"
"了员外郎卢思道的","0","2","2"
"员外郎卢思道的八","0","2","2"
"外郎卢思道的八首","0","2","2"
"其他人多的也不过","0","2","2"
"他人多的也不过三","0","2","2"
"人多的也不过三四","0","2","2"
"多的也不过三四首","0","2","2"
"参与朝廷的机密大","0","2","2"
"私下里对和士开说","0","2","2"
"祖王廷因事被朝廷","0","2","2"
"在金墉中书外省考","0","2","2"
"希望陛下整修这座","0","2","2"
"望陛下整修这座山","0","2","2"
"朝廷采纳了他的建","0","2","2"
"廷采纳了他的建议","0","2","2"
"可以照顾以前的情","0","2","2"
"以照顾以前的情况","0","2","2"
"任职在六年以上的","0","2","2"
"职在六年以上的升","0","2","2"
"又恢复原来的职务","0","2","2"
"武帝听从了他的建","0","2","2"
"帝听从了他的建议","0","2","2"
"没有对学校社庙加","0","2","2"
"有对学校社庙加以","0","2","2"
"对学校社庙加以修","0","2","2"
"学校社庙加以修缮","0","2","2"
"朝廷下诏命李崇为","0","2","2"
"廷下诏命李崇为使","0","2","2"
"下诏命李崇为使持","0","2","2"
"诏命李崇为使持节","0","2","2"
"氐人都离开杨灵珍","0","2","2"
"人都离开杨灵珍逃","0","2","2"
"都离开杨灵珍逃散","0","2","2"
"灵珍的人马顿时少","0","2","2"
"珍的人马顿时少了","0","2","2"
"的人马顿时少了一","0","2","2"
"人马顿时少了一大","0","2","2"
"马顿时少了一大半","0","2","2"
"李崇挥军进占赤土","0","2","2"
"看见小孩在同县赵","0","2","2"
"见小孩在同县赵奉","0","2","2"
"小孩在同县赵奉伯","0","2","2"
"孩在同县赵奉伯家","0","2","2"
"在同县赵奉伯家里","0","2","2"
"朝廷下诏命李崇以","0","2","2"
"以原来的职务兼任","0","2","2"
"朝廷任安东王元鉴","0","2","2"
"廷任安东王元鉴为","0","2","2"
"任安东王元鉴为徐","0","2","2"
"安东王元鉴为徐州","0","2","2"
"东王元鉴为徐州刺","0","2","2"
"王元鉴为徐州刺史","0","2","2"
"单人独骑逃了回来","0","2","2"
"王显代替李平为御","0","2","2"
"显代替李平为御史","0","2","2"
"代替李平为御史中","0","2","2"
"替李平为御史中尉","0","2","2"
"李平被加封为散骑","0","2","2"
"平被加封为散骑常","0","2","2"
"被加封为散骑常侍","0","2","2"
"朝廷下诏恢复了他","0","2","2"
"恢复了他原来的官","0","2","2"
"将领赵祖悦进逼寿","0","2","2"
"领赵祖悦进逼寿春","0","2","2"
"而杨遵彦中途患病","0","2","2"
"杨遵彦中途患病回","0","2","2"
"遵彦中途患病回来","0","2","2"
"随慕容德南渡黄河","0","2","2"
"李彪被解除著作的","0","2","2"
"彪被解除著作的职","0","2","2"
"被解除著作的职务","0","2","2"
"朝廷专门把写史的","0","2","2"
"廷专门把写史的事","0","2","2"
"专门把写史的事交","0","2","2"
"门把写史的事交给","0","2","2"
"把写史的事交给崔","0","2","2"
"写史的事交给崔光","0","2","2"
"李彪不久因犯罪被","0","2","2"
"彪不久因犯罪被免","0","2","2"
"不久因犯罪被免官","0","2","2"
"上表请求将自己的","0","2","2"
"东宫的侍臣一起对","0","2","2"
"宫的侍臣一起对崔","0","2","2"
"的侍臣一起对崔光","0","2","2"
"侍臣一起对崔光叩","0","2","2"
"臣一起对崔光叩拜","0","2","2"
"元深的赏赐各有差","0","2","2"
"深的赏赐各有差别","0","2","2"
"灵太后的父亲胡国","0","2","2"
"太后的父亲胡国珍","0","2","2"
"我耻于没有辞让的","0","2","2"
"耻于没有辞让的道","0","2","2"
"于没有辞让的道德","0","2","2"
"不要向朝廷请求封","0","2","2"
"要向朝廷请求封赠","0","2","2"
"席法友等人推举叔","0","2","2"
"法友等人推举叔业","0","2","2"
"友等人推举叔业哥","0","2","2"
"等人推举叔业哥哥","0","2","2"
"人推举叔业哥哥的","0","2","2"
"推举叔业哥哥的儿","0","2","2"
"举叔业哥哥的儿子","0","2","2"
"叔业哥哥的儿子裴","0","2","2"
"业哥哥的儿子裴植","0","2","2"
"哥哥的儿子裴植监","0","2","2"
"哥的儿子裴植监管","0","2","2"
"的儿子裴植监管州","0","2","2"
"儿子裴植监管州事","0","2","2"
"再升任为度支尚书","0","2","2"
"加金紫光禄大夫衔","0","2","2"
"他被濮阳太守崔巨","0","2","2"
"被濮阳太守崔巨伦","0","2","2"
"濮阳太守崔巨伦驱","0","2","2"
"阳太守崔巨伦驱逐","0","2","2"
"终于不肯向海神下","0","2","2"
"于不肯向海神下拜","0","2","2"
"朝廷赠封他为青州","0","2","2"
"廷赠封他为青州刺","0","2","2"
"赠封他为青州刺史","0","2","2"
"看到皇甫氏已年近","0","2","2"
"到皇甫氏已年近六","0","2","2"
"皇甫氏已年近六十","0","2","2"
"南朝的人有特殊的","0","2","2"
"朝的人有特殊的爱","0","2","2"
"的人有特殊的爱好","0","2","2"
"能珍重夫妻间的情","0","2","2"
"珍重夫妻间的情义","0","2","2"
"太后听从了她的意","0","2","2"
"后听从了她的意见","0","2","2"
"在马上向左右两旁","0","2","2"
"马上向左右两旁射","0","2","2"
"上向左右两旁射箭","0","2","2"
"请求朝廷任命他为","0","2","2"
"不侵害百姓的任何","0","2","2"
"侵害百姓的任何利","0","2","2"
"害百姓的任何利益","0","2","2"
"赐给他骅骝马一匹","0","2","2"
"顺阳太守王青石世","0","2","2"
"阳太守王青石世代","0","2","2"
"太守王青石世代在","0","2","2"
"守王青石世代在南","0","2","2"
"王青石世代在南朝","0","2","2"
"青石世代在南朝做","0","2","2"
"石世代在南朝做官","0","2","2"
"举荐自己所了解的","0","2","2"
"荐自己所了解的人","0","2","2"
"历任给事黄门侍郎","0","2","2"
"被封为金紫光禄大","0","2","2"
"封为金紫光禄大夫","0","2","2"
"兼领给事黄门侍郎","0","2","2"
"因任幽州中正时受","0","2","2"
"任幽州中正时受人","0","2","2"
"幽州中正时受人财","0","2","2"
"州中正时受人财货","0","2","2"
"中正时受人财货被","0","2","2"
"正时受人财货被免","0","2","2"
"时受人财货被免去","0","2","2"
"受人财货被免去官","0","2","2"
"人财货被免去官职","0","2","2"
"终会占有关右一带","0","2","2"
"会占有关右一带的","0","2","2"
"占有关右一带的土","0","2","2"
"有关右一带的土地","0","2","2"
"休之任他为国子博","0","2","2"
"之任他为国子博士","0","2","2"
"读书人因此都心归","0","2","2"
"书人因此都心归朝","0","2","2"
"人因此都心归朝廷","0","2","2"
"休之建议应以天保","0","2","2"
"之建议应以天保元","0","2","2"
"建议应以天保元年","0","2","2"
"议应以天保元年为","0","2","2"
"应以天保元年为北","0","2","2"
"以天保元年为北齐","0","2","2"
"天保元年为北齐的","0","2","2"
"保元年为北齐的起","0","2","2"
"元年为北齐的起始","0","2","2"
"年为北齐的起始断","0","2","2"
"为北齐的起始断限","0","2","2"
"北齐的起始断限年","0","2","2"
"齐的起始断限年代","0","2","2"
"文章虽然不瑰丽华","0","2","2"
"章虽然不瑰丽华美","0","2","2"
"人们也因此称赞他","0","2","2"
"他出入于青楼妓馆","0","2","2"
"元士亮等人作声色","0","2","2"
"士亮等人作声色之","0","2","2"
"亮等人作声色之游","0","2","2"
"他任意从教判那里","0","2","2"
"任意从教判那里取","0","2","2"
"意从教判那里取东","0","2","2"
"从教判那里取东西","0","2","2"
"武成帝同意了他的","0","2","2"
"成帝同意了他的奏","0","2","2"
"武成帝认为太子高","0","2","2"
"成帝认为太子高讳","0","2","2"
"帝认为太子高讳是","0","2","2"
"认为太子高讳是自","0","2","2"
"为太子高讳是自己","0","2","2"
"太子高讳是自己的","0","2","2"
"子高讳是自己的长","0","2","2"
"高讳是自己的长子","0","2","2"
"派他的从子尔朱天","0","2","2"
"他的从子尔朱天光","0","2","2"
"城阳王元徽和杨侃","0","2","2"
"尔朱荣与元天穆一","0","2","2"
"朱荣与元天穆一起","0","2","2"
"尔朱荣的儿子尔朱","0","2","2"
"元颢的儿子元冠受","0","2","2"
"封他为车骑大将军","0","2","2"
"尔朱兆与尔朱仲远","0","2","2"
"丑奴又与萧宝夤在","0","2","2"
"奴又与萧宝夤在安","0","2","2"
"又与萧宝夤在安定","0","2","2"
"与萧宝夤在安定对","0","2","2"
"萧宝夤在安定对峙","0","2","2"
"便命尔朱天光为使","0","2","2"
"命尔朱天光为使持","0","2","2"
"尔朱天光为使持节","0","2","2"
"贺拔岳率一千骑兵","0","2","2"
"敌人的行台万俟道","0","2","2"
"人的行台万俟道洛","0","2","2"
"又埋伏士兵在木枪","0","2","2"
"埋伏士兵在木枪里","0","2","2"
"伏士兵在木枪里面","0","2","2"
"尔朱度律与尔朱兆","0","2","2"
"连续升迁并受到重","0","2","2"
"续升迁并受到重用","0","2","2"
"尔朱荣被朝廷处死","0","2","2"
"都督杜德等追讨尔","0","2","2"
"督杜德等追讨尔朱","0","2","2"
"杜德等追讨尔朱仲","0","2","2"
"德等追讨尔朱仲远","0","2","2"
"杜德收编了仲远的","0","2","2"
"德收编了仲远的兵","0","2","2"
"收编了仲远的兵马","0","2","2"
"被任命为平州刺史","0","2","2"
"他骑在马上射击飞","0","2","2"
"骑在马上射击飞鸟","0","2","2"
"朝廷加封他为开府","0","2","2"
"加封他为开府仪同","0","2","2"
"武帝拉着他的手说","0","2","2"
"朝廷任辛术为东南","0","2","2"
"廷任辛术为东南道","0","2","2"
"任辛术为东南道行","0","2","2"
"辛术为东南道行台","0","2","2"
"术为东南道行台尚","0","2","2"
"为东南道行台尚书","0","2","2"
"文宣帝听到奏报后","0","2","2"
"四方的官吏百姓都","0","2","2"
"方的官吏百姓都知","0","2","2"
"的官吏百姓都知道","0","2","2"
"官吏百姓都知道皇","0","2","2"
"吏百姓都知道皇帝","0","2","2"
"百姓都知道皇帝在","0","2","2"
"姓都知道皇帝在哪","0","2","2"
"都知道皇帝在哪里","0","2","2"
"参与朝廷机密大事","0","2","2"
"每斤铜可铸二百多","0","2","2"
"高道穆命军卒用木","0","2","2"
"道穆命军卒用木棒","0","2","2"
"穆命军卒用木棒将","0","2","2"
"命军卒用木棒将她","0","2","2"
"军卒用木棒将她坐","0","2","2"
"卒用木棒将她坐的","0","2","2"
"用木棒将她坐的车","0","2","2"
"木棒将她坐的车子","0","2","2"
"棒将她坐的车子打","0","2","2"
"将她坐的车子打坏","0","2","2"
"少年以侍奉后母孝","0","2","2"
"年以侍奉后母孝顺","0","2","2"
"以侍奉后母孝顺闻","0","2","2"
"侍奉后母孝顺闻名","0","2","2"
"不是因为钱铸造得","0","2","2"
"以后又正名为士郎","0","2","2"
"参与纂修皇帝的起","0","2","2"
"与纂修皇帝的起居","0","2","2"
"纂修皇帝的起居注","0","2","2"
"很为神武帝高欢喜","0","2","2"
"为神武帝高欢喜爱","0","2","2"
"命游娘做他的母亲","0","2","2"
"对他的恩遇不同于","0","2","2"
"他的恩遇不同于其","0","2","2"
"的恩遇不同于其他","0","2","2"
"恩遇不同于其他子","0","2","2"
"遇不同于其他子侄","0","2","2"
"亲自到他家里看望","0","2","2"
"问他北齐灭亡的原","0","2","2"
"他北齐灭亡的原因","0","2","2"
"因立功被授予上开","0","2","2"
"立功被授予上开府","0","2","2"
"功被授予上开府的","0","2","2"
"被授予上开府的官","0","2","2"
"授予上开府的官职","0","2","2"
"现在召集文武百官","0","2","2"
"用正道去讨伐邪恶","0","2","2"
"这是万世难逢的好","0","2","2"
"是万世难逢的好机","0","2","2"
"万世难逢的好机会","0","2","2"
"世难逢的好机会呀","0","2","2"
"难逢的好机会呀高","0","2","2"
"逢的好机会呀高湛","0","2","2"
"的好机会呀高湛听","0","2","2"
"好机会呀高湛听了","0","2","2"
"机会呀高湛听了大","0","2","2"
"会呀高湛听了大为","0","2","2"
"呀高湛听了大为高","0","2","2"
"高湛听了大为高兴","0","2","2"
"竟没有按他的意见","0","2","2"
"没有按他的意见办","0","2","2"
"建立功勋代行河州","0","2","2"
"立功勋代行河州牧","0","2","2"
"功勋代行河州牧守","0","2","2"
"高欢见了又悲又喜","0","2","2"
"可用这两件武器威","0","2","2"
"用这两件武器威吓","0","2","2"
"这两件武器威吓人","0","2","2"
"朝廷下诏恢复他原","0","2","2"
"廷下诏恢复他原来","0","2","2"
"送给他鍂车京丧车","0","2","2"
"给他鍂车京丧车一","0","2","2"
"他鍂车京丧车一辆","0","2","2"
"文洛是文宣帝的家","0","2","2"
"洛是文宣帝的家奴","0","2","2"
"积累功劳当上了刺","0","2","2"
"累功劳当上了刺史","0","2","2"
"被官吏百姓所怀念","0","2","2"
"我是神武帝的儿子","0","2","2"
"兄弟十五人只剩下","0","2","2"
"弟十五人只剩下我","0","2","2"
"十五人只剩下我一","0","2","2"
"五人只剩下我一个","0","2","2"
"也无愧于祖先的坟","0","2","2"
"无愧于祖先的坟陵","0","2","2"
"这是我家的千里驹","0","2","2"
"呼延族与莫多敬显","0","2","2"
"延族与莫多敬显从","0","2","2"
"族与莫多敬显从游","0","2","2"
"与莫多敬显从游豫","0","2","2"
"莫多敬显从游豫园","0","2","2"
"多敬显从游豫园带","0","2","2"
"敬显从游豫园带兵","0","2","2"
"显从游豫园带兵出","0","2","2"
"从游豫园带兵出来","0","2","2"
"韩长鸾害怕他有变","0","2","2"
"长鸾害怕他有变故","0","2","2"
"将他调出京城任沧","0","2","2"
"他调出京城任沧州","0","2","2"
"调出京城任沧州刺","0","2","2"
"出京城任沧州刺史","0","2","2"
"请求委派赵郡王高","0","2","2"
"求委派赵郡王高琛","0","2","2"
"委派赵郡王高琛统","0","2","2"
"派赵郡王高琛统率","0","2","2"
"赵郡王高琛统率军","0","2","2"
"郡王高琛统率军队","0","2","2"
"武成帝听从了他的","0","2","2"
"成帝听从了他的话","0","2","2"
"忽然出现墨写的字","0","2","2"
"他夺过她的小孩儿","0","2","2"
"夺过她的小孩儿喂","0","2","2"
"过她的小孩儿喂波","0","2","2"
"她的小孩儿喂波斯","0","2","2"
"的小孩儿喂波斯狗","0","2","2"
"尔朱荣的妻子和尔","0","2","2"
"朱荣的妻子和尔朱","0","2","2"
"又与大都督高岳在","0","2","2"
"与大都督高岳在寒","0","2","2"
"大都督高岳在寒山","0","2","2"
"都督高岳在寒山擒","0","2","2"
"督高岳在寒山擒获","0","2","2"
"高岳在寒山擒获南","0","2","2"
"岳在寒山擒获南梁","0","2","2"
"在寒山擒获南梁贞","0","2","2"
"寒山擒获南梁贞阳","0","2","2"
"山擒获南梁贞阳侯","0","2","2"
"擒获南梁贞阳侯萧","0","2","2"
"获南梁贞阳侯萧明","0","2","2"
"修义看到天下纷乱","0","2","2"
"义看到天下纷乱扰","0","2","2"
"看到天下纷乱扰攘","0","2","2"
"自称为黄钺大将军","0","2","2"
"文宣帝拉着他的手","0","2","2"
"周文帝宇文泰率军","0","2","2"
"不知道应该怎么办","0","2","2"
"他被任命为尚书令","0","2","2"
"朝廷追赠他为太尉","0","2","2"
"张各有三石力量的","0","2","2"
"他被任命为中书舍","0","2","2"
"被任命为中书舍人","0","2","2"
"这不是大臣应有的","0","2","2"
"不是大臣应有的品","0","2","2"
"是大臣应有的品质","0","2","2"
"即将接受东魏孝静","0","2","2"
"将接受东魏孝静帝","0","2","2"
"他又追想和恼怒起","0","2","2"
"又追想和恼怒起高","0","2","2"
"追想和恼怒起高隆","0","2","2"
"想和恼怒起高隆之","0","2","2"
"和恼怒起高隆之来","0","2","2"
"司徒中兵高慧登等","0","2","2"
"徒中兵高慧登等二","0","2","2"
"中兵高慧登等二十","0","2","2"
"兵高慧登等二十多","0","2","2"
"高慧登等二十多人","0","2","2"
"慧登等二十多人抓","0","2","2"
"登等二十多人抓到","0","2","2"
"等二十多人抓到面","0","2","2"
"二十多人抓到面前","0","2","2"
"北魏孝明帝孝昌时","0","2","2"
"认识他的人都因此","0","2","2"
"文宣帝亲自到他家","0","2","2"
"宇文护的母亲阎氏","0","2","2"
"周军打得溃不成军","0","2","2"
"追赠他为吏部尚书","0","2","2"
"朝廷命杜弼任军司","0","2","2"
"文宣帝高洋任东魏","0","2","2"
"宣帝高洋任东魏的","0","2","2"
"如果人死了又能聚","0","2","2"
"果人死了又能聚集","0","2","2"
"人死了又能聚集成","0","2","2"
"死了又能聚集成人","0","2","2"
"不应该说无所不至","0","2","2"
"应该说无所不至啊","0","2","2"
"他还在众人面前批","0","2","2"
"还在众人面前批评","0","2","2"
"在众人面前批评高","0","2","2"
"众人面前批评高德","0","2","2"
"人面前批评高德正","0","2","2"
"所以没有让你到州","0","2","2"
"以没有让你到州中","0","2","2"
"没有让你到州中任","0","2","2"
"有让你到州中任职","0","2","2"
"这样的事情不断发","0","2","2"
"样的事情不断发生","0","2","2"
"他被御史台和左丞","0","2","2"
"被御史台和左丞弹","0","2","2"
"御史台和左丞弹劾","0","2","2"
"但都被天子批准免","0","2","2"
"都被天子批准免于","0","2","2"
"被天子批准免于追","0","2","2"
"天子批准免于追究","0","2","2"
"因与魏收关系不密","0","2","2"
"与魏收关系不密切","0","2","2"
"因为是魏收的亲戚","0","2","2"
"给他哥哥的儿子魏","0","2","2"
"他哥哥的儿子魏周","0","2","2"
"哥哥的儿子魏周达","0","2","2"
"时不能看见母亲受","0","2","2"
"齐主的恩遇更加隆","0","2","2"
"主的恩遇更加隆重","0","2","2"
"武帝又命宦官何泉","0","2","2"
"帝又命宦官何泉用","0","2","2"
"又命宦官何泉用御","0","2","2"
"命宦官何泉用御刀","0","2","2"
"宦官何泉用御刀砍","0","2","2"
"官何泉用御刀砍杀","0","2","2"
"何泉用御刀砍杀他","0","2","2"
"周文帝宇文泰同族","0","2","2"
"文帝宇文泰同族人","0","2","2"
"帝宇文泰同族人的","0","2","2"
"宇文泰同族人的儿","0","2","2"
"文泰同族人的儿子","0","2","2"
"命将诬告的人斩首","0","2","2"
"丢掉牲畜粮草等物","0","2","2"
"掉牲畜粮草等物品","0","2","2"
"牲畜粮草等物品不","0","2","2"
"畜粮草等物品不可","0","2","2"
"粮草等物品不可胜","0","2","2"
"草等物品不可胜数","0","2","2"
"孝武帝采纳了他的","0","2","2"
"又改封为东平郡公","0","2","2"
"司武尉迟运关闭宫","0","2","2"
"武尉迟运关闭宫门","0","2","2"
"晋公宇文护掌管朝","0","2","2"
"公宇文护掌管朝政","0","2","2"
"宇文护被武帝诛杀","0","2","2"
"李贤与他的弟弟李","0","2","2"
"贤与他的弟弟李远","0","2","2"
"李穆等暗中接应侯","0","2","2"
"穆等暗中接应侯莫","0","2","2"
"等暗中接应侯莫陈","0","2","2"
"暗中接应侯莫陈崇","0","2","2"
"朝廷命他为原州刺","0","2","2"
"廷命他为原州刺史","0","2","2"
"胆量和力气都超过","0","2","2"
"量和力气都超过常","0","2","2"
"和力气都超过常人","0","2","2"
"百姓们都很怀念他","0","2","2"
"如果派奇兵出其不","0","2","2"
"果派奇兵出其不意","0","2","2"
"事情或许可以成功","0","2","2"
"又封他的儿子李雄","0","2","2"
"封他的儿子李雄为","0","2","2"
"他的儿子李雄为密","0","2","2"
"的儿子李雄为密国","0","2","2"
"儿子李雄为密国公","0","2","2"
"二河盛产军马明珠","0","2","2"
"宁州有盐井和珍奇","0","2","2"
"州有盐井和珍奇的","0","2","2"
"有盐井和珍奇的犀","0","2","2"
"盐井和珍奇的犀牛","0","2","2"
"井和珍奇的犀牛角","0","2","2"
"看到奏章十分高兴","0","2","2"
"所珍惜的是素雅整","0","2","2"
"珍惜的是素雅整洁","0","2","2"
"我现在奉诏前去代","0","2","2"
"现在奉诏前去代理","0","2","2"
"只需朝廷一道圣旨","0","2","2"
"需朝廷一道圣旨就","0","2","2"
"朝廷一道圣旨就行","0","2","2"
"廷一道圣旨就行了","0","2","2"
"徐州刚被梁军占领","0","2","2"
"这件事实在是我干","0","2","2"
"件事实在是我干的","0","2","2"
